Date,Open,Close,High,Low,Volume
2021-03-31,195.78,196.81,198.92,187.13,58433.21210439
2021-03-30,193.85,195.79,199.97,190.26,46790.59535496
2021-03-29,184.00,193.87,197.49,182.50,45681.48775042
2021-03-28,184.29,184.06,187.19,179.90,17032.78104070
2021-03-27,183.67,184.14,185.99,177.76,27434.10339529
2021-03-26,171.55,183.64,183.82,171.55,35436.81435511
2021-03-25,176.13,171.62,178.08,167.79,47743.41497664
2021-03-24,185.76,176.13,197.00,172.34,81873.70498987
2021-03-23,185.81,186.12,189.50,180.48,63425.37510331
2021-03-22,195.63,185.91,198.75,184.84,50993.23055973
2021-03-21,199.99,195.61,201.91,192.37,34737.90981768
2021-03-20,200.01,199.76,206.15,199.00,30616.83224371
2021-03-19,199.83,200.15,204.90,195.80,37350.88912809
2021-03-18,206.29,199.83,208.07,199.23,55372.04580829
2021-03-17,201.68,206.07,206.92,194.40,55486.74278278
2021-03-16,200.73,201.67,205.22,191.28,83966.64781032
2021-03-15,214.01,200.68,222.26,197.68,108581.10846407
2021-03-14,225.94,214.00,227.88,214.00,66253.57025787
2021-03-13,220.89,225.95,229.92,212.83,110696.90379204
2021-03-12,201.32,220.86,224.21,198.77,139072.82325138
2021-03-11,200.20,201.32,203.50,191.24,71934.68293780
2021-03-10,203.90,200.15,208.14,191.38,102365.11327004
2021-03-09,192.18,203.89,204.99,189.18,71172.40694547
2021-03-08,190.84,191.76,195.00,180.10,59859.55362340
2021-03-07,183.11,190.32,192.05,182.41,47320.31515202
2021-03-06,180.68,182.66,184.58,174.71,55608.76194572
2021-03-05,180.60,180.80,183.58,168.66,72663.93704514
2021-03-04,188.59,180.60,194.34,176.94,80472.12675501
2021-03-03,178.94,187.95,196.50,177.11,128644.76425511
2021-03-02,176.02,179.13,185.11,170.81,120843.04252336
2021-03-01,165.48,176.04,176.58,163.52,105954.61453221
2021-02-28,171.74,165.39,173.01,153.13,90127.89196947
2021-02-27,170.26,171.80,180.40,167.45,85573.02484805
2021-02-26,179.19,170.41,182.52,162.93,117899.35200931
2021-02-25,181.66,179.07,205.00,175.41,168161.11542924
2021-02-24,177.59,181.63,189.54,169.19,146921.22852044
2021-02-23,208.32,177.71,208.67,159.24,323197.26966055
2021-02-22,227.51,208.21,227.58,150.0,317354.75345252
2021-02-21,227.04,227.53,233.61,220.29,157272.55518673
2021-02-20,236.9,227.3,247.05,214.62,142755.41346472
2021-02-19,226.8,236.74,241.87,220.12,109534.61786714
2021-02-18,237.57,226.54,238.89,221.04,93359.63016771
2021-02-17,210.32,237.28,237.65,203.56,130579.51314698
2021-02-16,208.45,209.86,221.99,200.45,150003.26772275
2021-02-15,214.0,207.96,220.0,186.55,272090.38824652
2021-02-14,226.38,213.82,230.72,208.43,140962.93774042
2021-02-13,197.14,226.46,229.15,192.12,212882.85585127
2021-02-12,184.16,196.9,200.16,177.01,131145.90508406
2021-02-11,182.34,183.98,193.5,175.76,120156.99339474
2021-02-10,182.06,182.23,195.3,170.89,205999.93120885
2021-02-09,167.56,181.7,184.48,164.3,198095.56681701
2021-02-08,151.07,167.5,169.43,148.01,127948.40234289
2021-02-07,155.94,151.19,157.32,145.5,63508.17626613
2021-02-06,155.16,155.75,164.11,150.02,107539.1993652
2021-02-05,145.25,155.17,156.97,143.75,71032.73047474
2021-02-04,156.3,145.33,158.9,141.28,147209.06355519
2021-02-03,142.1,155.98,156.79,142.1,90382.77406868
2021-02-02,132.03,142.1,145.99,131.97,161969.74334652
2021-02-01,129.45,131.98,136.57,126.03,65083.32970435
2021-01-31,133.36,129.68,135.0,125.85,64312.63037648
2021-01-30,134.71,133.28,135.97,128.12,62042.79267007
2021-01-29,133.72,134.71,145.81,131.75,151545.49360578
2021-01-28,122.65,133.5,136.22,121.04,71946.31388501
2021-01-27,134.83,122.74,134.96,117.99,93000.2209526
2021-01-26,137.09,134.8,139.62,128.5,47272.92214416
2021-01-25,141.05,137.2,147.61,136.68,66584.99871711
2021-01-24,137.48,141.11,142.54,133.93,47747.7329819
2021-01-23,137.64,137.71,143.52,135.11,45013.29794344
2021-01-22,129.04,138.41,142.0,122.52,114824.46950202
2021-01-21,150.1,129.76,150.22,125.55,88188.62675214
2021-01-20,152.03,149.87,156.14,138.73,71839.90860625
2021-01-19,151.93,151.94,166.29,150.34,102613.78126526
2021-01-18,142.71,152.0,154.63,138.48,73335.02398407
2021-01-17,143.43,142.71,146.92,136.48,41620.65291756
2021-01-16,143.58,143.99,152.57,139.53,61566.15676418
2021-01-15,152.35,144.0,155.29,130.2,86690.56688973
2021-01-14,147.73,152.47,156.7,143.6,100389.31152356
2021-01-13,133.11,147.54,148.49,125.66,84780.35539047
2021-01-12,139.22,133.35,146.8,127.95,149491.12546623
2021-01-11,170.17,139.23,170.66,113.11,338168.77723655
2021-01-10,177.89,170.19,186.22,161.35,144143.39169905
2021-01-09,172.47,177.89,179.51,163.61,127573.87213592
2021-01-08,169.8,172.34,182.0,150.25,220620.92138411
2021-01-07,169.33,169.79,181.25,162.26,191731.5253738
2021-01-06,158.94,169.16,169.9,155.37,119131.20318837
2021-01-05,155.69,158.8,163.42,146.66,123165.47034687
2021-01-04,161.62,155.65,174.34,139.12,278517.08914431
2021-01-03,136.98,161.37,164.85,110.0,286331.56194895
2021-01-02,126.44,136.92,141.68,123.58,169333.65047562
2021-01-01,124.45,126.45,133.97,123.21,91396.48988887
2020-12-31,130.14,124.55,130.38,122.08,117733.28254579
2020-12-30,128.71,130.02,132.78,122.62,112857.53312793
2020-12-29,129.64,128.69,130.5,119.72,131838.13371553
2020-12-28,127.65,129.64,137.01,126.33,113346.20028185
2020-12-27,129.52,127.66,139.21,121.7,245344.02370167
2020-12-26,127.77,129.48,134.93,124.83,172623.25540895
2020-12-25,111.32,127.74,128.48,108.33,166893.59232845
2020-12-24,102.46,111.28,112.16,98.55,114843.90235152
2020-12-23,114.37,102.45,117.22,95.57,193962.2993675
2020-12-22,104.5,114.6,114.63,98.36,148599.34280762
2020-12-21,114.63,104.53,118.52,101.0,197160.8590015
2020-12-20,120.17,114.73,123.14,109.64,154349.06384287
2020-12-19,109.49,120.06,124.4,105.55,159020.17134855
2020-12-18,101.06,109.47,112.81,99.41,137352.54260818
2020-12-17,93.12,101.27,109.82,90.22,247653.28393587
2020-12-16,81.36,93.16,93.28,78.5,110395.50761539
2020-12-15,82.41,81.34,84.92,80.44,56711.022006
2020-12-14,82.22,82.43,82.92,79.21,52994.48645393
2020-12-13,76.7,82.21,84.24,75.68,62601.28859419
2020-12-12,72.22,76.59,77.6,72.11,38218.27959181
2020-12-11,74.69,72.28,75.0,70.0,78713.70636336
2020-12-10,77.44,74.65,77.61,73.18,42244.8478609
2020-12-09,76.66,77.4,78.19,72.13,58406.73110009
2020-12-08,83.45,76.73,84.82,75.36,61165.01488025
2020-12-07,83.74,83.6,86.84,81.81,40241.56451991
2020-12-06,83.13,83.68,85.19,80.44,32156.57118282
2020-12-05,79.63,83.13,84.42,78.71,42064.87045581
2020-12-04,89.05,79.64,89.86,77.89,66565.98761386
2020-12-03,88.9,89.06,91.48,85.62,56967.45534805
2020-12-02,85.16,89.01,90.55,82.84,65881.54788761
2020-12-01,87.83,85.16,92.95,79.01,217015.97346557
2020-11-30,79.1,87.67,88.56,76.73,124261.0034714
2020-11-29,72.78,78.98,81.04,71.65,69268.09114137
2020-11-28,69.19,72.87,74.93,68.44,75305.27709007
2020-11-27,71.02,69.18,73.51,65.28,109996.14977093
2020-11-26,81.75,70.98,83.23,64.59,183589.64078612
2020-11-25,89.41,81.91,90.67,78.28,85148.9878771
2020-11-24,89.13,89.39,94.0,85.79,144911.88974673
2020-11-23,82.99,89.15,90.82,81.0,116204.58295029
2020-11-22,87.19,83.0,88.01,78.01,78282.76299911
2020-11-21,82.64,87.26,88.41,80.35,99495.67566992
2020-11-20,81.64,82.61,85.76,80.12,93874.84449247
2020-11-19,73.55,81.76,83.51,71.53,117497.13442469
2020-11-18,76.37,73.63,77.17,68.1,97618.02366874
2020-11-17,73.8,76.35,77.03,71.4,111992.59892324
2020-11-16,62.36,73.84,74.53,62.2,172049.80242561
2020-11-15,63.89,62.39,64.45,61.01,27665.01177049
2020-11-14,66.01,63.96,66.31,61.75,55099.47887105
2020-11-13,60.74,65.83,66.63,60.24,96069.27552008
2020-11-12,59.23,60.77,60.8,57.72,54201.75648518
2020-11-11,58.08,59.29,60.59,57.93,46139.85883936
2020-11-10,59.25,58.01,59.62,57.14,30869.44844606
2020-11-09,60.97,59.22,61.82,57.52,41465.3179934
2020-11-08,59.0,61.0,62.03,58.68,28250.90952512
2020-11-07,63.33,59.02,64.84,57.0,84360.21001199
2020-11-06,59.03,63.42,63.75,58.76,104680.2836144
2020-11-05,54.75,59.02,59.79,54.75,69752.91865669
2020-11-04,53.96,54.75,55.25,51.69,32201.50680376
2020-11-03,53.88,53.95,54.37,51.07,33491.3692257
2020-11-02,55.76,53.88,56.86,53.13,31450.86535865
2020-11-01,55.76,55.6,56.24,54.17,14616.73046678
2020-10-31,54.03,55.82,56.43,53.67,23929.15238831
2020-10-30,54.89,54.08,55.8,52.33,28337.75543675
2020-10-29,55.84,54.9,56.55,53.43,26513.36557932
2020-10-28,57.81,55.88,60.51,54.75,66020.5849597
2020-10-27,57.04,57.95,59.12,56.66,30884.83249983
2020-10-26,58.89,56.9,59.38,55.04,43358.05865469
2020-10-25,59.08,58.89,59.98,56.58,48263.86328933
2020-10-24,55.44,59.28,59.6,54.96,33514.62155169
2020-10-23,54.4,55.43,56.99,53.16,42849.38162688
2020-10-22,54.65,54.41,55.45,53.67,4458.41558805
2020-10-21,46.95,53.13,55.06,46.95,65769.44235156
2020-10-20,48.0,46.93,48.4,46.5,21741.3511899
2020-10-19,47.57,48.0,48.46,46.83,14809.55104384
2020-10-18,46.94,47.59,47.95,46.85,18072.7402715
2020-10-17,47.62,46.94,47.68,46.38,13515.19812519
2020-10-16,49.43,47.62,49.88,45.42,41134.08336178
2020-10-15,49.81,49.57,50.18,48.88,14765.23435371
2020-10-14,49.93,49.82,51.06,49.34,15399.71649305
2020-10-13,50.62,49.95,50.67,48.9,33293.89317014
2020-10-12,50.49,50.62,51.54,49.33,30400.04898015
2020-10-11,48.86,50.51,51.23,48.74,26328.92914247
2020-10-10,47.88,48.85,50.49,47.86,27961.53604308
2020-10-09,47.27,47.8,48.17,46.66,19799.03165446
2020-10-08,46.61,47.25,47.5,45.52,16120.31153224
2020-10-07,45.97,46.61,46.9,45.07,9874.63471504
2020-10-06,46.38,46.01,48.2,45.57,22774.06715958
2020-10-05,46.71,46.37,47.05,45.57,16300.0496511
2020-10-04,45.57,46.72,47.03,45.36,16045.80297318
2020-10-03,44.96,45.53,45.97,44.79,12026.80074199
2020-10-02,46.05,44.92,46.96,43.3,28177.11690784
2020-10-01,46.31,46.25,48.47,45.22,35527.24372327
2020-09-30,45.66,46.24,46.65,45.48,17335.47048508
2020-09-29,46.02,46.02,46.02,46.02,0.0
2020-09-28,46.02,46.02,46.02,46.02,0.0
2020-09-27,46.02,46.02,46.02,46.02,0.0
2020-09-26,46.02,46.02,46.02,46.02,0.0
2020-09-25,45.01,46.02,46.53,44.01,15975.74220971
2020-09-24,42.92,44.96,45.21,42.61,18767.50049496
2020-09-23,44.44,42.89,45.1,42.3,22379.84279975
2020-09-22,43.17,44.49,44.78,42.8,22737.70386532
2020-09-21,46.92,43.15,47.65,41.71,41785.23330075
2020-09-20,48.51,47.08,48.51,46.26,13613.24509137
2020-09-19,48.54,48.5,48.99,48.04,9552.56992063
2020-09-18,48.87,48.54,49.04,47.57,16061.99772923
2020-09-17,47.73,48.89,49.57,47.68,16512.4804304
2020-09-16,48.19,47.73,48.76,46.98,27210.89729147
2020-09-15,49.16,48.31,50.31,48.18,32381.53022576
2020-09-14,48.16,49.09,49.61,47.16,23690.74515984
2020-09-13,50.84,48.17,50.94,47.3,23571.98966417
2020-09-12,48.98,50.82,51.31,48.43,14343.96994427
2020-09-11,48.7,48.98,49.35,47.41,14144.59178388
2020-09-10,47.88,48.7,49.44,47.88,23786.16907423
2020-09-09,47.39,47.86,48.86,46.59,17964.19201952
2020-09-08,48.9,47.48,49.31,46.05,26635.36902033
2020-09-07,47.91,48.82,49.11,45.2,27031.78349985
2020-09-06,47.56,47.92,49.1,46.32,26643.03728991
2020-09-05,50.41,47.77,51.29,45.4,64940.02408314
2020-09-04,47.49,50.38,52.48,46.37,63119.25609978
2020-09-03,58.09,47.5,58.63,45.53,92382.2291638
2020-09-02,62.73,58.1,63.11,56.67,55292.51567062
2020-09-01,61.05,62.74,64.36,59.56,47873.77353808
2020-08-31,62.88,60.97,63.65,60.57,25968.86120029
2020-08-30,57.05,62.91,62.91,57.0,36471.18207642
2020-08-29,57.44,56.99,58.26,56.99,20177.54716526
2020-08-28,56.15,57.41,58.23,55.41,29539.52911718
2020-08-27,58.15,56.15,59.27,53.7,39585.23785634
2020-08-26,58.34,58.1,59.2,57.0,28107.51107274
2020-08-25,62.28,58.33,62.29,56.7,60109.15373322
2020-08-24,60.69,62.1,62.98,60.0,29347.46185423
2020-08-23,60.25,60.59,61.63,58.1,26267.98103859
2020-08-22,59.05,60.26,60.51,57.78,37218.98757337
2020-08-21,62.86,59.13,63.91,58.85,52885.11996981
2020-08-20,62.24,62.86,63.76,61.04,46609.57942439
2020-08-19,65.79,62.09,67.14,58.9,145228.71798716
2020-08-18,67.32,65.47,68.42,63.52,131382.25769382
2020-08-17,63.98,67.35,68.95,61.34,123983.06813487
2020-08-16,60.03,63.93,64.65,58.12,52119.73836657
2020-08-15,56.91,59.91,60.88,56.54,62045.3630706
2020-08-14,57.27,56.85,57.94,55.9,52391.54499729
2020-08-13,54.56,57.25,57.36,51.98,36732.37048081
2020-08-12,54.11,54.5,55.09,51.65,28202.54815032
2020-08-11,58.38,54.11,59.73,52.5,43676.92741419
2020-08-10,57.09,58.31,59.41,56.61,24269.68643131
2020-08-09,58.45,57.01,58.75,56.1,15542.77433732
2020-08-08,57.2,58.44,58.49,56.52,23162.0537427
2020-08-07,59.0,57.22,61.04,54.75,37520.88350797
2020-08-06,58.89,59.08,60.73,57.73,29042.15741969
2020-08-05,57.73,58.89,59.84,56.85,25487.83447376
2020-08-04,58.8,57.68,59.59,56.39,29998.13618215
2020-08-03,56.78,58.54,60.03,55.76,36352.73938122
2020-08-02,61.76,56.78,65.32,51.56,112464.30823643
2020-08-01,58.26,61.83,62.32,57.6,53445.55640512
2020-07-31,56.75,58.29,59.22,55.82,37220.5327216
2020-07-30,55.21,56.61,58.64,53.89,43588.64222157
2020-07-29,55.88,55.26,56.95,54.88,59836.3554836
2020-07-28,53.41,55.85,57.91,51.77,83590.33884952
2020-07-27,48.14,53.32,55.95,46.96,92183.49309973
2020-07-26,49.2,48.13,50.71,47.72,42786.9124116
2020-07-25,44.14,49.06,49.58,44.14,42404.80292889
2020-07-24,44.98,44.2,45.01,44.01,14264.62369757
2020-07-23,45.06,45.07,45.7,44.55,21546.09346148
2020-07-22,43.83,45.06,45.14,43.23,13419.96105847
2020-07-21,42.01,43.8,44.13,42.0,13756.35060498
2020-07-20,42.7,42.01,42.8,41.3,11617.12116693
2020-07-19,42.46,42.66,42.83,41.97,7005.20969956
2020-07-18,41.88,42.5,42.86,41.8,7464.49138604
2020-07-17,42.08,41.92,42.45,41.71,11092.07302064
2020-07-16,43.29,42.06,43.4,40.89,25055.97569676
2020-07-15,43.9,43.32,44.05,42.89,15190.57050301
2020-07-14,43.89,43.92,44.05,42.9,16140.47887892
2020-07-13,44.78,43.98,45.58,42.44,33106.00578307
2020-07-12,44.69,44.69,44.69,44.69,0.0
2020-07-11,44.29,44.69,44.75,43.91,6282.60884804
2020-07-10,44.36,44.29,44.58,43.5,10463.87204176
2020-07-09,45.36,44.33,45.85,43.57,23292.34175477
2020-07-08,43.41,45.34,45.58,43.11,21957.70025767
2020-07-07,44.1,43.31,44.44,43.09,10079.61563833
2020-07-06,41.61,44.12,44.16,41.59,14078.8575444
2020-07-05,42.1,41.67,42.16,40.82,7704.25262363
2020-07-04,41.12,42.11,42.21,41.12,8108.69551588
2020-07-03,41.07,41.19,41.64,40.93,7342.2317724
2020-07-02,41.78,41.03,41.93,40.32,10690.23859672
2020-07-01,41.18,41.77,41.99,40.99,9527.83603984
2020-06-30,41.88,41.25,42.0,40.77,488167.86
2020-06-29,41.36,41.88,42.21,40.6,580214.06
2020-06-28,41.07,41.36,41.98,40.45,546842.52
2020-06-27,43.06,41.07,43.06,39.16,681373.72
2020-06-26,42.33,43.06,43.5,41.33,538817.02
2020-06-25,42.56,42.33,42.93,41.63,314339.22
2020-06-24,44.12,42.56,44.59,42.09,487037.53
2020-06-23,44.37,44.12,44.49,43.89,399005.17
2020-06-22,42.97,44.37,44.62,42.97,533641.75
2020-06-21,43.57,42.97,43.81,42.89,224080.14
2020-06-20,42.72,43.57,43.77,42.24,544061.36
2020-06-19,43.42,42.72,43.62,42.6,470777.94
2020-06-18,44.04,43.42,44.16,42.86,480949.62
2020-06-17,43.84,44.04,44.97,43.0,768851.41
2020-06-16,43.79,43.84,44.24,43.37,544754.83
2020-06-15,44.17,43.79,44.17,41.78,667900.51
2020-06-14,45.08,44.17,45.08,43.58,461840.19
2020-06-13,44.68,45.08,45.23,44.31,303815.98
2020-06-12,43.24,44.68,45.34,42.77,644003.47
2020-06-11,46.69,43.24,46.96,42.1,928356.37
2020-06-10,45.93,46.69,47.18,45.75,577579.27
2020-06-09,46.51,45.93,46.84,45.35,663900.3
2020-06-08,46.56,46.51,46.78,46.0,483725.37
2020-06-07,46.75,46.56,46.93,45.18,405383.36
2020-06-06,46.96,46.75,47.19,46.16,339881.0
2020-06-05,47.46,46.96,47.97,46.42,720270.69
2020-06-04,47.11,47.46,48.08,46.31,859347.75
2020-06-03,45.93,47.11,47.43,45.3,737650.35
2020-06-02,48.25,45.93,49.89,44.6,1913559.33
2020-06-01,45.59,48.25,48.9,45.34,928290.73
2020-05-31,47.74,45.59,47.81,45.11,465889.01
2020-05-30,44.48,47.74,48.04,44.21,1018672.96
2020-05-29,44.75,44.48,45.22,44.2,523169.3
2020-05-28,43.75,44.75,44.83,43.2,320061.57
2020-05-27,42.3,43.75,43.97,42.25,441108.58
2020-05-26,42.98,42.3,42.98,41.79,172480.79
2020-05-25,42.13,42.98,43.31,41.77,316811.28
2020-05-24,43.86,42.13,44.57,42.08,643850.1
2020-05-23,44.14,43.86,44.72,43.69,279060.74
2020-05-22,42.66,44.14,44.66,42.36,540338.02
2020-05-21,44.18,42.66,44.6,41.52,661220.89
2020-05-20,45.78,44.18,46.19,43.13,739604.89
2020-05-19,45.28,45.78,45.83,44.08,600397.71
2020-05-18,43.64,45.28,46.62,43.64,1041296.47
2020-05-17,43.26,43.64,44.49,43.12,403833.14
2020-05-16,42.65,43.26,43.84,42.57,308851.59
2020-05-15,43.97,42.65,44.17,41.88,662770.91
2020-05-14,43.28,43.97,44.35,42.24,999454.74
2020-05-13,42.14,43.28,43.76,42.07,559862.73
2020-05-12,41.64,42.14,42.86,41.35,879189.55
2020-05-11,42.18,41.64,42.92,39.38,932987.52
2020-05-10,47.06,42.18,47.06,39.29,1967507.52
2020-05-09,47.82,47.06,49.07,46.81,1020441.46
2020-05-08,47.42,47.82,48.47,46.41,775321.31
2020-05-07,45.04,47.42,48.19,44.51,871490.41
2020-05-06,46.44,45.04,47.56,44.24,965505.69
2020-05-05,47.09,46.44,47.79,45.78,587739.18
2020-05-04,48.07,47.09,48.2,45.22,953736.87
2020-05-03,49.21,48.07,49.99,46.71,931863.18
2020-05-02,47.1,49.21,49.57,46.83,1137678.2
2020-05-01,46.37,47.1,48.3,46.37,733398.52
2020-04-30,48.81,46.37,50.91,45.65,2361794.91
2020-04-29,45.78,48.81,49.99,45.75,1903247.01
2020-04-28,44.56,45.78,46.17,43.6,620651.78
2020-04-27,44.66,44.56,45.09,43.23,469874.26
2020-04-26,44.4,44.66,45.37,43.81,470778.83
2020-04-25,44.51,44.4,45.66,43.92,652544.66
2020-04-24,42.95,44.51,44.99,42.87,831375.57
2020-04-23,41.83,42.95,44.0,41.07,930182.07
2020-04-22,40.65,41.83,42.37,40.37,399556.54
2020-04-21,40.32,40.65,41.37,40.17,445353.17
2020-04-20,42.31,40.32,43.31,39.6,876255.74
2020-04-19,44.08,42.31,44.32,41.66,769660.99
2020-04-18,42.32,44.08,44.53,42.11,634088.16
2020-04-17,42.52,42.32,43.04,41.72,486772.59
2020-04-16,39.26,42.52,43.71,37.96,1507072.96
2020-04-15,41.18,39.26,41.74,39.14,651166.56
2020-04-14,41.27,41.18,41.92,40.58,518168.64
2020-04-13,42.02,41.27,42.03,39.61,865433.93
2020-04-12,42.62,42.02,43.71,41.9,658875.42
2020-04-11,42.21,42.62,43.15,41.51,534501.86
2020-04-10,46.33,42.21,46.41,41.0,1004697.41
2020-04-09,46.58,46.33,46.9,44.86,587167.34
2020-04-08,44.76,46.58,47.22,44.33,818754.41
2020-04-07,45.07,44.76,47.69,43.72,1889441.48
2020-04-06,40.36,45.07,45.1,40.36,1472537.49
2020-04-05,40.8,40.36,41.02,40.0,282093.85
2020-04-04,40.51,40.8,41.24,40.0,398836.85
2020-04-03,39.96,40.51,41.31,39.72,650007.04
2020-04-02,39.44,39.96,42.85,39.14,1362041.7
2020-04-01,39.25,39.44,39.52,37.19,647680.64
2020-03-31,38.99,39.25,39.38,38.44,403334.96
2020-03-30,37.1,38.99,39.77,37.1,670747.74
2020-03-29,39.01,37.1,39.1,36.95,529496.82
2020-03-28,38.06,39.01,39.53,36.67,856353.9
2020-03-27,40.56,38.06,41.37,37.88,1189179.63
2020-03-26,39.38,40.56,40.56,38.55,588223.82
2020-03-25,40.71,39.38,41.13,38.27,980699.32
2020-03-24,39.14,40.71,41.08,38.47,1535604.59
2020-03-23,35.42,39.14,40.0,34.66,948657.82
2020-03-22,38.4,35.42,39.73,34.94,1098194.97
2020-03-21,38.13,38.4,39.84,36.29,755163.08
2020-03-20,39.11,38.13,44.0,34.16,3237476.92
2020-03-19,34.71,39.11,40.9,34.14,1696131.18
2020-03-18,34.29,34.71,34.91,32.39,1162452.6
2020-03-17,33.2,34.29,36.01,32.62,1111566.09
2020-03-16,36.35,33.2,36.35,29.24,2933850.39
2020-03-15,34.29,36.35,38.68,34.07,1309450.49
2020-03-14,37.89,34.29,37.94,33.82,936160.12
2020-03-13,30.05,37.89,40.37,25.16,8947674.84
2020-03-12,48.56,30.05,48.8,28.69,5979236.44
2020-03-11,50.12,48.56,50.72,45.58,1003154.54
2020-03-10,50.5,50.12,51.39,48.75,1041449.69
2020-03-09,50.98,50.5,52.27,46.64,2445568.56
2020-03-08,60.5,50.98,60.5,50.51,1459606.92
2020-03-07,63.39,60.5,63.95,60.2,897816.82
2020-03-06,62.08,63.39,63.85,61.31,1375785.72
2020-03-05,60.29,62.08,63.31,60.29,1251463.12
2020-03-04,60.98,60.29,61.75,58.88,851888.19
2020-03-03,61.39,60.98,62.39,59.45,1197150.89
2020-03-02,57.71,61.39,62.28,57.27,1105962.36
2020-03-01,58.13,57.71,60.2,56.2,1057643.78
2020-02-29,60.02,58.13,61.59,57.84,825222.27
2020-02-28,61.61,60.02,63.3,56.78,1887063.18
2020-02-27,60.5,61.61,65.17,57.13,2754244.59
2020-02-26,70.92,60.5,72.11,57.37,4857974.51
2020-02-25,75.69,70.92,75.99,69.39,1520495.3
2020-02-24,79.85,75.69,79.92,71.82,2183900.92
2020-02-23,75.04,79.85,80.25,74.88,2364766.39
2020-02-22,73.41,75.04,76.7,72.48,1270747.78
2020-02-21,69.48,73.41,75.38,68.65,1312465.52
2020-02-20,70.72,69.48,72.33,66.21,1837249.76
2020-02-19,77.29,70.72,79.56,67.96,3543794.46
2020-02-18,73.24,77.29,79.07,70.27,1540901.12
2020-02-17,74.73,73.24,75.44,68.73,3003579.65
2020-02-16,76.55,74.73,80.85,67.8,3773155.67
2020-02-15,83.28,76.55,83.64,75.0,4124702.34
2020-02-14,80.62,83.28,83.93,78.64,2640507.79
2020-02-13,81.22,80.62,84.38,77.07,3387210.27
2020-02-12,76.95,81.22,82.95,76.95,2972333.17
2020-02-11,74.29,76.95,77.5,72.63,1886891.89
2020-02-10,77.08,74.29,77.4,72.32,2012792.96
2020-02-09,76.77,77.08,78.4,75.18,1386889.56
2020-02-08,74.17,76.77,77.77,71.51,1885203.23
2020-02-07,73.4,74.17,75.28,72.84,1996483.79
2020-02-06,72.55,73.4,74.98,70.99,2051365.85
2020-02-05,67.88,72.55,73.35,67.53,1818729.3
2020-02-04,69.7,67.88,70.42,66.59,1420780.88
2020-02-03,69.85,69.7,73.0,68.4,2078622.1
2020-02-02,70.9,69.85,73.31,67.57,2759022.21
2020-02-01,67.76,70.9,72.74,67.58,2568437.76
2020-01-31,67.98,67.76,69.81,65.26,2536634.75
2020-01-30,59.61,67.98,70.0,58.12,4168068.15
2020-01-29,60.66,59.61,62.44,59.35,1506833.02
2020-01-28,58.5,60.66,61.39,57.3,2281908.59
2020-01-27,56.2,58.5,59.45,55.81,1220256.49
2020-01-26,53.18,56.2,56.49,52.76,719313.13
2020-01-25,54.32,53.18,54.32,52.24,846752.71
2020-01-24,54.41,54.32,55.3,50.65,1332179.77
2020-01-23,58.14,54.41,58.2,52.31,1801772.25
2020-01-22,57.6,58.14,59.1,57.17,936806.54
2020-01-21,57.11,57.6,57.98,55.84,655859.14
2020-01-20,57.71,57.11,58.16,55.78,908592.67
2020-01-19,59.36,57.71,62.4,55.42,1758717.07
2020-01-18,61.12,59.36,62.39,57.94,2279865.82
2020-01-17,57.53,61.12,63.16,56.75,3614338.74
2020-01-16,58.12,57.53,58.44,54.7,1710576.87
2020-01-15,58.55,58.12,60.17,55.13,2704732.42
2020-01-14,49.55,58.55,60.73,49.55,5862674.07
2020-01-13,51.5,49.55,51.6,48.89,1197905.89
2020-01-12,49.44,51.5,51.72,48.82,1148833.54
2020-01-11,48.97,49.44,51.94,47.79,2139750.8
2020-01-10,44.84,48.97,49.64,43.74,1890996.98
2020-01-09,45.31,44.84,45.83,43.91,610146.09
2020-01-08,46.42,45.31,48.79,44.12,1801759.46
2020-01-07,45.82,46.42,46.87,44.51,1542759.14
2020-01-06,43.26,45.82,46.08,43.12,973762.44
2020-01-05,42.76,43.26,44.56,42.57,717050.56
2020-01-04,42.02,42.76,42.79,41.8,326540.23
2020-01-03,39.32,42.02,42.34,38.74,807859.08
2020-01-02,41.52,39.32,41.59,39.04,368176.87
2020-01-01,41.15,41.52,41.93,41.06,197575.51
2019-12-31,42.22,41.15,42.94,40.86,397355.63
2019-12-30,43.09,42.22,44.0,41.71,504874.22
2019-12-29,42.7,43.09,43.67,42.14,484954.46
2019-12-28,40.97,42.7,43.64,40.92,471616.76
2019-12-27,39.95,40.97,41.29,39.58,289790.86
2019-12-26,40.04,39.95,41.64,39.6,435126.14
2019-12-25,40.3,40.04,40.39,39.42,224228.55
2019-12-24,40.58,40.3,41.12,39.7,505845.44
2019-12-23,41.95,40.58,42.66,40.28,578489.31
2019-12-22,39.72,41.95,42.15,39.67,418026.44
2019-12-21,40.15,39.72,40.19,39.49,381146.95
2019-12-20,39.69,40.15,40.34,39.29,376716.17
2019-12-19,40.83,39.69,41.09,39.14,517941.06
2019-12-18,36.86,40.83,41.59,35.82,1142920.05
2019-12-17,39.87,36.86,40.04,36.21,1416107.74
2019-12-16,43.42,39.87,43.52,38.88,794737.4
2019-12-15,43.29,43.42,43.97,42.93,344855.76
2019-12-14,44.24,43.29,44.6,43.25,213819.62
2019-12-13,43.67,44.24,44.49,43.4,53811.7
2019-12-12,43.61,43.67,44.03,43.1,83925.58
2019-12-11,44.16,43.61,44.38,43.24,258976.41
2019-12-10,44.41,44.16,44.62,43.64,433281.22
2019-12-09,45.63,44.41,45.89,44.11,514189.41
2019-12-08,45.2,45.63,46.28,45.0,407207.6
2019-12-07,45.44,45.2,46.75,45.05,426970.23
2019-12-06,44.87,45.44,45.61,44.12,359493.8
2019-12-05,44.66,44.87,45.18,43.73,501140.72
2019-12-04,44.77,44.66,47.21,43.75,1327184.96
2019-12-03,45.57,44.77,46.25,44.44,490914.95
2019-12-02,47.5,45.57,47.59,44.8,362798.05
2019-12-01,47.23,47.5,48.37,45.57,410438.54
2019-11-30,48.67,47.23,48.82,46.76,280418.79
2019-11-29,46.9,48.67,49.55,46.9,517227.87
2019-11-28,47.8,46.9,48.08,46.24,701166.05
2019-11-27,47.02,47.8,48.75,44.65,1054899.82
2019-11-26,45.67,47.02,47.53,45.45,717266.73
2019-11-25,43.93,45.67,47.48,42.16,2269864.43
2019-11-24,48.22,43.93,48.29,43.56,1060311.82
2019-11-23,47.45,48.22,48.43,46.33,726135.64
2019-11-22,50.67,47.45,51.65,43.6,2560531.52
2019-11-21,54.88,50.67,55.18,48.22,1095631.67
2019-11-20,55.08,54.88,56.06,54.57,863719.15
2019-11-19,55.77,55.08,56.17,54.15,754881.8
2019-11-18,59.19,55.77,59.22,53.85,1050425.46
2019-11-17,58.27,59.19,60.0,57.65,487961.47
2019-11-16,57.52,58.27,58.88,57.17,332532.37
2019-11-15,58.9,57.52,60.65,55.84,1086610.81
2019-11-14,60.86,58.9,60.98,58.33,638520.7
2019-11-13,61.39,60.86,61.94,60.16,567659.87
2019-11-12,61.77,61.39,62.17,59.59,813277.02
2019-11-11,63.63,61.77,64.32,60.48,845124.82
2019-11-10,62.12,63.63,66.02,61.0,1932444.24
2019-11-09,60.29,62.12,62.35,60.05,537613.77
2019-11-08,61.5,60.29,62.35,58.73,1093221.49
2019-11-07,64.15,61.5,64.25,60.28,1136635.0
2019-11-06,63.19,64.15,64.29,62.67,711614.21
2019-11-05,61.38,63.19,64.1,60.94,1116619.57
2019-11-04,58.42,61.38,62.94,58.0,1509190.74
2019-11-03,58.38,58.42,58.79,57.29,557450.71
2019-11-02,58.42,58.38,59.29,57.94,399276.28
2019-11-01,58.41,58.42,58.96,56.6,588594.74
2019-10-31,58.06,58.41,59.74,57.16,1215189.34
2019-10-30,59.94,58.06,61.14,57.01,929266.44
2019-10-29,57.92,59.94,60.85,57.83,1150486.15
2019-10-28,59.95,57.92,62.55,57.65,1123428.23
2019-10-27,56.85,59.95,62.86,55.86,1996984.87
2019-10-26,56.97,56.85,64.05,54.25,3591042.82
2019-10-25,49.73,56.97,58.73,49.16,2466085.49
2019-10-24,49.42,49.73,50.35,48.38,694262.73
2019-10-23,53.44,49.42,53.44,47.16,1587450.66
2019-10-22,54.76,53.44,55.16,53.08,743060.6
2019-10-21,54.93,54.76,55.71,53.74,699153.68
2019-10-20,53.83,54.93,55.53,52.73,597746.63
2019-10-19,53.34,53.83,54.16,52.67,666762.86
2019-10-18,54.88,53.34,54.98,52.16,1066384.23
2019-10-17,52.56,54.88,55.19,51.61,548261.47
2019-10-16,54.6,52.56,55.3,50.67,1277432.26
2019-10-15,56.8,54.6,57.4,53.01,1255482.84
2019-10-14,56.42,56.8,57.12,56.1,393257.38
2019-10-13,55.9,56.42,57.71,55.59,410666.1
2019-10-12,55.91,55.9,56.44,55.53,161837.7
2019-10-11,57.64,55.91,58.63,55.47,1156954.84
2019-10-10,59.33,57.64,59.46,57.24,471910.98
2019-10-09,57.07,59.33,60.19,56.71,1156634.54
2019-10-08,57.57,57.07,58.52,56.5,512211.12
2019-10-07,54.54,57.57,58.78,53.35,975388.82
2019-10-06,56.84,54.54,56.93,53.02,957959.91
2019-10-05,56.54,56.84,57.48,55.75,599831.38
2019-10-04,56.4,56.54,57.42,55.34,646324.81
2019-10-03,56.41,56.4,57.02,53.33,1174297.78
2019-10-02,55.67,56.41,56.72,55.31,759307.4
2019-10-01,56.12,55.67,57.61,54.97,1067335.62
2019-09-30,53.94,56.12,56.4,52.55,1350189.13
2019-09-29,55.43,53.94,55.61,52.23,858929.18
2019-09-28,55.88,55.43,56.26,53.91,1026166.49
2019-09-27,55.17,55.88,56.8,52.6,1328553.59
2019-09-26,57.45,55.17,57.49,50.22,2526926.62
2019-09-25,54.76,57.45,58.38,52.97,3274900.78
2019-09-24,66.41,54.76,67.32,53.66,5311344.03
2019-09-23,72.56,66.41,74.09,61.45,1452929.83
2019-09-22,73.18,72.56,73.19,71.07,815456.2
2019-09-21,75.05,73.18,75.64,72.0,1211558.8
2019-09-20,77.04,75.05,77.04,72.87,1470548.59
2019-09-19,77.56,77.04,77.71,72.67,2859915.22
2019-09-18,74.16,77.56,80.18,74.14,2024793.32
2019-09-17,72.69,74.16,77.82,72.25,1751951.94
2019-09-16,70.17,72.69,73.87,69.47,1302773.26
2019-09-15,70.75,70.17,71.47,69.78,361619.09
2019-09-14,68.97,70.75,71.49,68.28,535922.11
2019-09-13,69.17,68.97,69.64,67.5,737322.73
2019-09-12,69.74,69.17,69.94,68.39,427375.3
2019-09-11,70.76,69.74,71.41,68.18,855246.02
2019-09-10,70.1,70.76,73.1,69.84,1232850.78
2019-09-09,70.48,70.1,71.33,67.87,931594.04
2019-09-08,68.82,70.48,71.58,68.12,1136398.04
2019-09-07,65.14,68.82,70.51,64.67,1329852.52
2019-09-06,65.39,65.14,68.14,64.1,1629173.42
2019-09-05,67.16,65.39,67.4,64.31,977380.17
2019-09-04,69.07,67.16,69.27,66.67,915297.18
2019-09-03,67.29,69.07,70.94,66.71,1493214.0
2019-09-02,66.11,67.29,68.09,65.07,1145255.72
2019-09-01,64.29,66.11,67.2,64.01,903597.42
2019-08-31,64.16,64.29,65.36,62.43,823109.11
2019-08-30,63.45,64.16,65.57,62.16,1270770.32
2019-08-29,66.77,63.45,66.77,62.12,2445261.5
2019-08-28,72.8,66.77,73.04,64.52,3271738.24
2019-08-27,73.63,72.8,73.63,72.01,783173.22
2019-08-26,72.33,73.63,75.47,72.22,1471776.35
2019-08-25,73.27,72.33,74.95,70.66,1319885.29
2019-08-24,75.53,73.27,75.56,71.67,1147400.52
2019-08-23,73.62,75.53,76.03,72.53,792528.08
2019-08-22,72.94,73.62,74.63,70.93,1265268.49
2019-08-21,75.0,72.94,75.33,70.04,2069149.95
2019-08-20,77.12,75.0,77.2,73.3,1449140.08
2019-08-19,76.31,77.12,78.91,75.61,1474804.33
2019-08-18,72.69,76.31,78.09,71.51,1829171.12
2019-08-17,74.83,72.69,75.45,71.7,1243982.22
2019-08-16,76.26,74.83,76.28,72.23,2207760.2
2019-08-15,75.56,76.26,77.56,71.0,3507514.94
2019-08-14,84.3,75.56,85.87,74.81,2933777.84
2019-08-13,85.58,84.3,86.46,83.07,1660150.65
2019-08-12,89.87,85.58,89.9,85.34,1627638.1
2019-08-11,85.18,89.87,91.24,85.18,1735419.37
2019-08-10,84.29,85.18,87.23,82.0,2950715.17
2019-08-09,90.12,84.29,90.32,82.47,2669498.42
2019-08-08,90.32,90.12,92.59,87.86,2167617.11
2019-08-07,93.04,90.32,94.35,87.0,3298649.82
2019-08-06,96.21,93.04,99.03,90.69,3810508.25
2019-08-05,92.91,96.21,106.93,92.91,7219006.83
2019-08-04,94.16,92.91,94.8,90.46,2088240.79
2019-08-03,94.89,94.16,96.57,93.56,1650121.97
2019-08-02,98.94,94.89,99.05,92.72,2499635.36
2019-08-01,98.85,98.94,100.72,95.79,2524734.82
2019-07-31,90.21,98.85,99.89,89.94,2381811.37
2019-07-30,90.34,90.21,92.7,88.61,1634228.9
2019-07-29,89.95,90.34,92.17,87.53,2760712.28
2019-07-28,88.72,89.95,90.81,81.5,3477860.91
2019-07-27,94.39,88.72,96.48,86.49,3231596.1
2019-07-26,93.23,94.39,94.58,90.25,3054401.06
2019-07-25,94.45,93.23,96.7,91.22,3238170.68
2019-07-24,90.07,94.45,97.31,86.59,6261766.28
2019-07-23,95.22,90.07,95.22,88.54,4711572.03
2019-07-22,99.69,95.22,100.99,91.1,4515144.72
2019-07-21,100.54,99.69,101.82,96.51,3106427.3
2019-07-20,98.78,100.54,106.0,97.78,4568779.23
2019-07-19,100.97,98.78,101.57,95.03,6670870.6
2019-07-18,90.34,100.97,104.64,87.28,10163102.85
2019-07-17,79.5,90.34,94.89,76.69,8868305.23
2019-07-16,90.59,79.5,91.98,76.5,8520599.14
2019-07-15,90.47,90.59,92.86,84.94,4227003.61
2019-07-14,101.19,90.47,101.8,88.0,3470247.96
2019-07-13,105.09,101.19,105.29,97.06,2437007.13
2019-07-12,102.89,105.09,106.96,100.75,4132424.7
2019-07-11,108.26,102.89,108.26,95.13,10492228.73
2019-07-10,119.38,108.26,120.52,71.0,10090003.49
2019-07-09,123.49,119.38,124.16,117.94,3316551.42
2019-07-08,120.29,123.49,125.6,118.33,3447604.88
2019-07-07,118.37,120.29,121.0,117.26,1332069.25
2019-07-06,118.46,118.37,122.13,117.26,2143789.6
2019-07-05,119.85,118.46,120.71,116.64,3236808.28
2019-07-04,121.84,119.85,127.32,118.43,4983177.84
2019-07-03,118.55,121.84,123.0,117.1,4094710.85
2019-07-02,122.63,118.55,123.37,111.89,7712822.95
2019-07-01,122.0,122.63,126.47,113.31,8281366.42
2019-06-30,133.32,122.0,136.67,119.66,10656837.6
2019-06-29,119.66,133.32,136.18,114.7,8634049.32
2019-06-28,114.18,119.66,121.75,112.44,5275421.65
2019-06-27,130.61,114.18,132.0,106.93,17184270.82
2019-06-26,135.62,130.61,138.1,125.06,12280515.57
2019-06-25,135.29,135.62,138.37,128.22,4158544.51
2019-06-24,136.18,135.29,136.23,131.01,3298508.15
2019-06-23,141.2,136.18,142.03,134.3,2764684.63
2019-06-22,138.93,141.2,145.63,136.57,7968383.57
2019-06-21,135.84,138.93,141.4,135.48,4509444.9
2019-06-20,136.66,135.84,137.1,133.4,3178332.23
2019-06-19,135.29,136.66,139.77,133.66,4118784.14
2019-06-18,134.04,135.29,136.89,128.84,4002986.39
2019-06-17,136.71,134.04,137.18,132.11,3020818.28
2019-06-16,138.2,136.71,138.9,133.89,4385039.84
2019-06-15,132.68,138.2,140.0,132.68,4170790.91
2019-06-14,130.85,132.68,133.0,125.77,4703050.67
2019-06-13,136.08,130.85,136.97,128.01,5954840.43
2019-06-12,136.26,136.08,144.13,130.22,11684260.3
2019-06-11,130.04,136.26,138.82,125.14,5401142.4
2019-06-10,114.67,130.04,130.5,112.78,6168578.84
2019-06-09,118.52,114.67,119.36,111.51,3686372.21
2019-06-08,117.14,118.52,119.98,114.03,2257501.43
2019-06-07,111.31,117.14,121.57,109.83,5291163.68
2019-06-06,103.91,111.31,112.51,101.2,3759483.29
2019-06-05,101.9,103.91,105.2,100.17,2963561.5
2019-06-04,105.73,101.9,106.28,98.0,9206462.9
2019-06-03,114.51,105.73,116.07,104.8,4319507.18
2019-06-02,112.5,114.51,116.77,111.85,1755270.44
2019-06-01,114.64,112.5,116.02,110.83,2446885.22
2019-05-31,108.07,114.64,114.79,104.53,3981147.03
2019-05-30,114.95,108.07,121.0,101.89,8636455.68
2019-05-29,114.94,114.95,118.21,108.7,4140767.44
2019-05-28,116.79,114.94,118.05,111.62,2803646.5
2019-05-27,112.64,116.79,121.99,111.26,11005940.55
2019-05-26,103.13,112.64,114.81,99.5,4855802.27
2019-05-25,100.58,103.13,104.98,99.32,2845602.32
2019-05-24,89.0,100.58,103.99,88.27,3761535.81
2019-05-23,87.73,89.0,89.76,84.78,698605.4
2019-05-22,91.67,87.73,92.37,85.64,3433721.31
2019-05-21,91.9,91.67,93.49,89.43,1552478.19
2019-05-20,95.03,91.9,95.03,87.23,2653282.38
2019-05-19,86.81,95.03,97.24,86.37,2643252.61
2019-05-18,89.75,86.81,90.49,85.36,961102.99
2019-05-17,95.72,89.75,97.34,84.0,5249719.55
2019-05-16,102.4,95.72,107.34,90.64,7210322.26
2019-05-15,91.54,102.4,104.69,90.7,7474122.23
2019-05-14,87.74,91.54,94.26,86.13,4964175.63
2019-05-13,84.44,87.74,93.0,84.35,4733898.5
2019-05-12,88.46,84.44,94.32,82.88,6993106.54
2019-05-11,76.86,88.46,95.95,76.86,6538852.24
2019-05-10,73.7,76.86,79.16,72.44,2354089.98
2019-05-09,73.79,73.7,75.5,72.29,1236795.33
2019-05-08,73.18,73.79,74.87,71.95,1991343.39
2019-05-07,74.21,76.14,77.85,74.21,904378.18
2019-05-06,74.91,74.21,76.07,71.02,1820222.46
2019-05-05,77.11,74.91,77.24,74.51,1057626.32
2019-05-04,77.81,77.11,81.4,73.89,3111318.04
2019-05-03,72.38,77.81,79.85,72.01,3161698.86
2019-05-02,72.51,72.38,73.39,71.5,715549.78
2019-05-01,73.51,72.51,74.97,71.2,1037545.57
2019-04-30,66.34,73.51,73.88,66.34,1402671.38
2019-04-29,67.88,66.34,68.33,65.0,990199.66
2019-04-28,70.5,67.88,70.72,67.02,699176.87
2019-04-27,71.57,70.5,71.7,70.26,462060.79
2019-04-26,70.46,71.57,73.2,68.8,2070706.48
2019-04-25,73.25,70.46,74.66,68.91,2464262.95
2019-04-24,74.18,73.25,75.1,70.44,2459753.76
2019-04-23,76.89,74.18,79.67,73.92,1743716.42
2019-04-22,77.19,76.89,78.59,75.51,1573060.3
2019-04-21,81.62,77.19,82.2,73.5,2079461.96
2019-04-20,82.47,81.62,82.99,79.75,688467.05
2019-04-19,81.9,82.47,83.55,80.0,1034533.78
2019-04-18,79.17,81.9,83.98,79.1,1448333.8
2019-04-17,80.92,79.17,82.0,78.7,966388.44
2019-04-16,78.23,80.92,81.78,77.27,1206807.93
2019-04-15,83.65,78.23,84.64,75.01,1793063.12
2019-04-14,78.01,83.65,83.8,76.5,829643.54
2019-04-13,78.97,78.01,81.56,76.41,968556.34
2019-04-12,79.46,78.97,80.9,75.72,1464356.48
2019-04-11,88.41,79.46,88.79,75.43,3692794.99
2019-04-10,86.94,88.41,92.58,86.6,2335499.11
2019-04-09,89.45,86.94,89.6,83.65,1836303.92
2019-04-08,92.05,89.45,94.21,86.6,3229799.92
2019-04-07,92.31,92.05,95.75,89.26,2050409.73
2019-04-06,88.88,92.31,97.7,85.44,3874899.01
2019-04-05,84.8,88.88,90.41,84.35,2691782.06
2019-04-04,85.46,84.8,90.32,80.46,3023861.32
2019-04-03,77.6,85.46,99.5,75.53,11529355.06
2019-04-02,60.36,77.6,79.06,60.18,5387686.31
2019-04-01,60.29,60.36,60.74,59.92,342706.51
2019-03-19,58.97,59.23,59.63,58.97,45389.32
2019-03-18,60.28,58.97,62.16,57.8,1071652.23
2019-03-17,60.95,60.28,60.99,59.09,1393334.07
2019-03-16,58.18,60.95,62.0,58.17,2270848.87
2019-03-15,55.59,58.18,58.63,55.59,717582.33
2019-03-14,55.17,55.59,57.82,52.85,792614.73
2019-03-13,56.21,55.17,56.42,54.07,594050.83
2019-03-12,54.6,56.21,56.62,52.07,973807.88
2019-03-11,56.34,54.6,57.04,53.64,935533.34
2019-03-10,57.48,56.34,57.65,55.57,601071.65
2019-03-09,55.29,57.48,59.0,55.19,1389110.17
2019-03-08,56.4,55.29,57.29,54.09,1317780.15
2019-03-07,55.16,56.4,58.71,53.8,1994471.39
2019-03-06,52.42,55.16,56.39,51.17,1285859.59
2019-03-05,45.62,52.42,54.23,45.21,1983756.57
2019-03-04,47.58,45.62,47.86,44.65,870146.32
2019-03-03,48.28,47.58,48.73,46.88,428586.26
2019-03-02,46.83,48.28,49.1,46.25,391880.81
2019-03-01,45.35,46.83,48.86,45.29,908720.59
2019-02-28,44.94,45.35,46.44,44.44,644915.84
2019-02-27,44.72,44.94,45.34,42.33,767792.15
2019-02-26,45.31,44.72,45.73,44.07,734495.67
2019-02-25,43.54,45.31,46.74,43.48,1475454.43
2019-02-24,51.24,43.54,53.41,42.44,4215889.81
2019-02-23,49.01,51.24,51.83,47.8,1869983.06
2019-02-22,48.43,49.01,49.4,47.7,1186095.12
2019-02-21,51.13,48.43,51.16,47.45,1385134.39
2019-02-20,46.9,51.13,52.25,46.1,2516958.7
2019-02-19,47.4,46.9,48.89,46.44,1117041.42
2019-02-18,43.35,47.4,48.71,43.2,2430834.45
2019-02-17,42.96,43.35,45.0,42.01,907680.56
2019-02-16,42.12,42.96,44.04,41.75,992320.65
2019-02-15,40.96,42.12,44.37,40.72,1010253.67
2019-02-14,41.27,40.96,42.0,39.9,661816.6
2019-02-13,43.25,41.27,44.13,40.26,1080139.54
2019-02-12,42.37,43.25,44.05,41.52,846772.56
2019-02-11,46.43,42.37,46.51,37.5,2080478.41
2019-02-10,44.3,46.43,46.99,41.83,2291005.02
2019-02-09,42.52,44.3,46.09,41.81,2410566.32
2019-02-08,32.83,42.52,44.57,32.52,4622858.29
2019-02-07,32.42,32.83,33.16,32.39,259907.57
2019-02-06,33.94,32.42,34.14,30.58,1090059.26
2019-02-05,33.61,33.94,34.06,33.26,488580.3
2019-02-04,33.07,33.61,34.2,33.07,417203.82
2019-02-03,34.17,33.07,34.54,32.61,534467.22
2019-02-02,32.43,34.17,34.61,32.2,560646.42
2019-02-01,31.18,32.43,33.24,30.5,1023849.85
2019-01-31,31.54,31.18,32.21,30.9,427197.01
2019-01-30,30.67,31.54,31.75,30.4,281616.47
2019-01-29,30.88,30.67,31.16,29.92,356464.35
2019-01-28,32.01,30.88,32.2,29.89,358603.82
2019-01-27,32.7,32.01,32.96,31.21,283628.6
2019-01-26,32.7,32.7,33.93,32.56,420793.1
2019-01-25,32.43,32.7,32.96,31.88,581857.75
2019-01-24,31.66,32.43,33.06,31.04,415810.42
2019-01-23,31.5,31.66,32.21,31.26,336361.46
2019-01-22,30.91,31.5,32.49,29.39,778450.95
2019-01-21,30.57,30.91,31.24,30.47,219486.14
2019-01-20,32.2,30.57,33.03,30.31,473633.66
2019-01-19,30.85,32.2,33.12,30.85,465581.81
2019-01-18,31.64,30.85,31.69,30.57,397870.96
2019-01-17,31.37,31.64,31.68,29.91,495607.45
2019-01-16,31.05,31.37,32.17,30.78,313191.41
2019-01-15,32.0,31.05,32.45,30.35,579215.58
2019-01-14,29.81,32.0,32.82,29.77,433538.05
2019-01-13,32.01,29.81,32.83,29.61,613187.27
2019-01-12,31.7,32.01,32.35,31.5,352015.2
2019-01-11,33.37,31.7,33.64,31.01,1042048.05
2019-01-10,38.5,33.37,39.18,32.0,2201151.83
2019-01-09,39.12,38.5,39.97,38.41,579159.66
2019-01-08,37.61,39.12,41.19,37.52,1850985.29
2019-01-07,38.88,37.61,39.47,37.21,771740.71
2019-01-06,34.51,38.88,40.09,34.15,1648375.34
2019-01-05,32.11,34.51,36.11,32.06,1081381.15
2019-01-04,31.56,32.11,32.67,31.01,371390.36
2019-01-03,32.97,31.56,33.09,30.99,260767.44
2019-01-02,31.7,32.97,33.55,31.4,529660.32
2019-01-01,29.77,31.7,32.04,29.53,433608.33
2018-12-31,31.58,29.77,31.69,29.43,522147.35
2018-12-30,30.44,31.58,31.94,30.03,431049.18
2018-12-29,32.14,30.44,33.17,30.2,574967.99
2018-12-28,27.75,32.14,33.55,27.75,1155087.08
2018-12-27,30.54,27.75,31.07,27.47,879570.59
2018-12-26,30.71,30.54,31.88,28.92,908122.19
2018-12-25,32.97,30.71,33.02,29.74,1108021.75
2018-12-24,33.08,32.97,36.61,32.52,2123350.31
2018-12-23,31.65,33.08,33.84,31.45,878636.8
2018-12-22,30.28,31.65,31.65,29.78,658068.42
2018-12-21,32.45,30.28,33.04,29.57,953767.37
2018-12-20,29.02,32.45,33.1,28.7,1277409.89
2018-12-19,30.0,29.02,31.56,28.6,1236672.18
2018-12-18,28.87,30.0,30.21,27.65,517433.71
2018-12-17,25.2,28.87,30.32,25.18,1433356.03
2018-12-16,23.34,25.2,26.59,23.34,765275.71
2018-12-15,23.13,23.34,23.78,22.87,371386.93
2018-12-14,22.82,23.13,23.47,22.26,741495.63
2018-12-13,24.01,22.82,24.15,22.68,382212.17
2018-12-12,23.17,24.01,24.93,23.02,609624.33
2018-12-11,23.98,23.33,24.37,22.74,540695.87
2018-12-10,25.29,23.98,25.63,23.47,641221.71
2018-12-09,24.2,25.29,26.58,24.13,832286.38
2018-12-08,24.79,24.2,26.42,22.87,846069.41
2018-12-07,26.2,24.79,26.31,22.25,1231535.49
2018-12-06,28.7,26.2,30.14,25.8,723623.46
2018-12-05,30.69,28.7,30.98,28.64,393930.94
2018-12-04,30.48,30.69,31.88,29.5,419450.0
2018-12-03,33.32,30.48,33.44,29.55,820205.75
2018-12-02,33.77,33.32,34.67,32.74,475173.91
2018-12-01,31.65,33.77,37.0,30.96,645930.72
2018-11-30,33.48,31.6,34.11,30.72,753509.02
2018-11-29,34.36,33.48,35.42,32.79,747378.2
2018-11-28,30.8,34.36,35.93,30.7,1010113.24
2018-11-27,29.05,30.8,31.6,28.22,693686.41
2018-11-26,30.39,29.05,31.73,27.55,1174576.76
2018-11-25,28.59,30.39,32.21,26.33,1515088.06
2018-11-24,31.77,28.59,32.9,27.88,845717.02
2018-11-23,31.38,31.77,32.77,30.31,719110.03
2018-11-22,34.37,31.38,34.54,31.1,565457.92
2018-11-21,32.33,34.37,34.37,31.0,881844.92
2018-11-20,35.81,32.33,37.45,30.23,2176356.94
2018-11-19,41.8,35.81,41.8,35.0,1394101.1
2018-11-18,41.44,41.8,43.01,41.44,264173.1
2018-11-17,41.74,41.44,41.8,41.12,353959.69
2018-11-16,43.38,41.74,43.57,41.35,467951.73
2018-11-15,42.75,43.38,43.67,39.66,954422.47
2018-11-14,48.91,42.75,49.91,40.22,1952774.63
2018-11-13,50.23,48.91,50.42,48.23,247599.15
2018-11-12,50.89,50.23,51.25,49.94,143312.3
2018-11-11,51.75,50.89,51.88,49.5,265035.15
2018-11-10,51.65,51.75,52.35,51.52,139012.35
2018-11-09,52.12,51.65,52.5,51.11,245485.02
2018-11-08,53.88,52.12,54.46,51.9,361486.2
2018-11-07,55.91,53.88,56.33,53.2,333678.27
2018-11-06,53.48,55.91,56.01,53.41,391201.88
2018-11-05,54.04,53.48,54.63,52.7,430357.36
2018-11-04,50.66,54.04,55.81,50.48,633750.26
2018-11-03,51.05,50.66,51.24,50.29,128408.2
2018-11-02,50.15,51.05,51.62,50.15,267045.03
2018-11-01,49.42,50.15,50.33,49.41,174131.47
2018-10-31,48.86,49.42,50.27,47.83,308902.06
2018-10-30,48.52,48.86,49.19,48.44,142873.13
2018-10-29,51.41,48.52,51.54,47.4,634422.55
2018-10-28,51.53,51.41,51.72,51.17,123085.41
2018-10-27,51.61,51.53,51.79,51.33,118376.66
2018-10-26,51.61,51.61,52.27,51.1,229230.4
2018-10-25,51.91,51.61,51.99,51.53,106483.46
2018-10-24,52.07,51.91,52.57,51.78,121409.91
2018-10-23,51.75,52.07,52.53,51.29,234030.42
2018-10-22,52.25,51.75,52.55,51.5,219815.71
2018-10-21,52.86,52.25,53.26,52.15,112197.08
2018-10-20,52.49,52.86,52.98,52.0,108762.44
2018-10-19,51.76,52.49,53.12,51.48,200430.46
2018-10-18,52.93,51.76,53.33,50.95,363360.08
2018-10-17,53.1,52.93,53.22,52.3,258614.61
2018-10-16,53.49,53.45,53.49,53.45,0.0
2018-10-15,51.14,53.49,58.09,50.86,1981009.92
2018-10-14,52.84,51.14,53.35,50.85,262989.22
2018-10-13,52.84,52.84,53.88,52.42,279181.29
2018-10-12,50.62,52.84,53.22,49.82,590723.59
2018-10-11,57.58,50.62,57.58,49.82,1078579.96
2018-10-10,58.48,57.58,58.52,56.67,471041.05
2018-10-09,59.15,58.48,59.25,57.69,226750.46
2018-10-08,57.95,59.15,59.68,57.37,286218.5
2018-10-07,57.61,57.95,58.3,56.6,217343.56
2018-10-06,58.55,57.61,58.73,56.75,212378.67
2018-10-05,57.97,58.55,59.22,57.28,260352.5
2018-10-04,57.23,57.97,58.84,56.52,522135.73
2018-10-03,59.15,57.23,59.2,56.5,493238.74
2018-10-02,60.29,59.15,61.46,58.67,285063.21
2018-10-01,60.96,60.29,61.82,59.08,563314.62
2018-09-30,61.48,60.96,62.77,59.7,590469.95
2018-09-29,61.8,61.48,62.07,58.81,499780.67
2018-09-28,63.26,61.8,64.79,60.05,1049013.86
2018-09-27,57.17,63.26,65.48,56.66,1540422.78
2018-09-26,57.55,57.17,59.79,56.26,793718.62
2018-09-25,57.93,57.55,58.02,54.35,599040.19
2018-09-24,61.39,57.93,61.5,57.14,698141.82
2018-09-23,60.54,61.39,63.81,59.88,645290.21
2018-09-22,61.0,60.54,61.74,58.05,558230.48
2018-09-21,56.54,61.0,63.0,56.3,1592258.9
2018-09-20,54.2,56.54,57.35,53.36,466293.96
2018-09-19,54.34,54.2,55.03,51.54,462090.5
2018-09-18,52.19,54.34,55.38,50.51,526585.47
2018-09-17,56.71,52.19,57.91,51.31,654892.97
2018-09-16,56.28,56.71,57.42,54.28,250123.76
2018-09-15,56.57,56.28,58.72,55.72,254626.87
2018-09-14,54.61,56.57,58.92,52.88,699529.43
2018-09-13,51.71,54.61,55.28,51.7,710063.09
2018-09-12,51.9,51.71,52.0,47.04,734683.91
2018-09-11,54.29,51.9,54.71,50.0,537222.95
2018-09-10,54.54,54.29,56.39,53.05,333794.9
2018-09-09,53.09,54.54,56.59,52.06,318232.33
2018-09-08,55.67,53.09,57.15,51.9,263090.15
2018-09-07,57.42,55.67,58.27,55.06,256171.3
2018-09-06,57.58,57.42,57.64,53.9,766013.23
2018-09-05,67.6,57.58,68.09,57.4,1199732.87
2018-09-04,65.23,67.6,69.27,65.23,504955.07
2018-09-03,66.29,65.23,66.36,64.34,348280.27
2018-09-02,66.44,66.29,67.0,64.15,345751.63
2018-09-01,62.16,66.44,67.72,62.07,674888.25
2018-08-31,60.12,62.16,62.61,59.44,358117.59
2018-08-30,61.5,60.12,61.6,58.61,318079.55
2018-08-29,63.14,61.5,63.35,60.27,460587.25
2018-08-28,60.5,63.14,63.7,59.75,469333.7
2018-08-27,57.02,60.5,61.02,56.6,415983.12
2018-08-26,57.94,57.02,58.0,55.92,193089.5
2018-08-25,57.94,57.94,58.37,57.06,107860.75
2018-08-24,57.26,57.94,58.21,55.64,236575.8
2018-08-23,55.18,57.26,57.81,54.9,270682.38
2018-08-22,56.4,55.18,59.26,53.88,956913.27
2018-08-21,53.41,56.4,56.71,53.26,321598.38
2018-08-20,57.86,53.41,58.63,53.21,802025.74
2018-08-19,57.19,57.86,58.91,56.33,178397.39
2018-08-18,61.9,57.19,62.22,55.35,351004.2
2018-08-17,55.32,61.9,61.9,55.02,604337.81
2018-08-16,54.32,55.32,57.61,54.13,520728.16
2018-08-15,54.35,54.32,59.31,53.89,1451733.65
2018-08-14,56.5,54.35,56.5,49.36,1356082.54
2018-08-13,59.32,56.5,60.5,55.66,396041.14
2018-08-12,55.65,55.65,55.65,55.65,0.0
2018-08-11,58.92,55.65,59.19,55.12,379354.66
2018-08-10,63.28,58.92,63.28,58.16,639149.67
2018-08-09,62.09,63.28,64.99,60.28,629833.99
2018-08-08,67.35,62.09,67.47,61.0,1261960.05
2018-08-07,73.57,67.35,75.0,66.79,740561.73
2018-08-06,74.56,73.57,76.73,72.38,323409.07
2018-08-05,73.05,74.56,74.67,72.26,175953.31
2018-08-04,77.68,73.05,78.0,72.14,312315.9
2018-08-03,76.12,77.68,77.98,74.76,473361.93
2018-08-02,77.48,76.12,78.26,75.54,315084.58
2018-08-01,78.75,77.48,78.92,75.57,473643.65
2018-07-31,82.27,78.75,82.44,76.15,708942.25
2018-07-30,83.92,82.27,84.59,79.73,631366.74
2018-07-29,84.21,83.92,85.09,83.34,206566.91
2018-07-28,84.2,84.21,84.54,82.43,235763.22
2018-07-27,83.56,84.2,84.96,81.38,527325.8
2018-07-26,86.22,83.56,87.89,82.78,479690.8
2018-07-25,89.24,86.22,90.57,84.81,636683.27
2018-07-24,81.52,89.24,89.61,80.94,1320476.1
2018-07-23,82.33,81.52,85.71,81.27,590857.9
2018-07-22,83.49,82.33,83.99,81.55,432177.93
2018-07-21,81.63,83.49,84.61,79.28,727672.82
2018-07-20,86.1,81.63,86.58,81.1,918648.59
2018-07-19,86.24,86.1,88.74,85.0,556876.12
2018-07-18,88.69,86.24,94.48,85.2,1293232.59
2018-07-17,83.95,88.69,90.23,81.35,1080766.69
2018-07-16,78.48,83.95,84.12,77.58,831349.73
2018-07-15,76.37,78.48,79.4,75.32,389512.84
2018-07-14,76.6,76.37,77.49,75.57,165024.74
2018-07-13,76.85,76.6,78.44,75.25,815556.11
2018-07-12,78.1,76.85,78.11,74.35,327515.33
2018-07-11,75.97,78.1,80.84,75.54,654343.24
2018-07-10,80.12,75.97,80.41,74.5,677793.62
2018-07-09,82.22,80.12,83.01,80.06,415584.98
2018-07-08,84.98,82.22,86.01,81.93,396873.6
2018-07-07,83.4,84.98,85.28,79.53,547425.87
2018-07-06,83.21,83.4,84.25,80.71,449023.29
2018-07-05,84.99,83.21,86.83,81.92,697838.7
2018-07-04,85.0,84.99,89.23,83.34,532961.19
2018-07-03,85.39,85.0,89.88,84.07,1049082.79
2018-07-02,79.85,85.39,86.74,78.42,703489.42
2018-07-01,81.06,79.85,81.44,77.82,268167.96
2018-06-30,78.96,81.06,84.07,78.96,767722.14
2018-06-29,74.11,78.96,80.67,72.58,1042816.21
2018-06-28,80.78,74.11,81.34,73.93,514535.12
2018-06-27,75.65,80.78,81.87,75.0,664916.49
2018-06-26,81.51,75.65,82.43,75.46,542066.88
2018-06-25,80.53,81.51,84.24,78.82,1135498.28
2018-06-24,82.9,80.53,83.74,73.33,1543412.58
2018-06-23,84.77,82.9,86.79,81.57,371953.51
2018-06-22,96.61,84.77,96.82,80.31,1536828.93
2018-06-21,97.99,96.61,99.27,96.0,354393.94
2018-06-20,98.61,97.99,98.94,95.24,450205.68
2018-06-19,98.78,98.61,101.52,96.98,650823.09
2018-06-18,94.93,98.78,99.92,93.11,964651.22
2018-06-17,97.26,94.93,97.98,94.55,332690.98
2018-06-16,95.45,97.26,97.41,92.79,737125.53
2018-06-15,100.89,95.45,100.91,94.76,764297.46
2018-06-14,93.74,100.89,102.88,92.56,1123661.69
2018-06-13,99.94,93.74,100.1,88.69,2044163.77
2018-06-12,107.07,99.94,108.0,97.46,1414132.58
2018-06-11,106.35,107.07,108.5,103.0,1783599.8
2018-06-10,117.29,106.35,117.29,102.87,2820383.96
2018-06-09,119.94,117.29,120.81,116.41,572532.65
2018-06-08,121.27,119.94,122.06,118.27,448003.75
2018-06-07,121.34,121.27,123.38,119.16,726957.76
2018-06-06,122.0,121.34,122.73,118.33,738427.89
2018-06-05,119.66,122.0,122.33,116.02,940385.28
2018-06-04,125.2,119.66,126.77,118.0,1056882.81
2018-06-03,123.33,125.2,127.9,122.21,1227485.92
2018-06-02,119.76,123.33,124.52,118.62,952894.53
2018-06-01,118.18,119.76,120.25,116.68,774954.51
2018-05-31,117.2,118.18,120.99,116.12,717430.13
2018-05-30,119.27,117.2,122.63,114.98,1200406.24
2018-05-29,111.11,119.27,122.7,109.35,1383415.95
2018-05-28,117.71,111.11,119.06,110.22,1559587.06
2018-05-27,118.2,117.71,118.67,116.28,468663.03
2018-05-26,119.0,118.2,122.38,117.46,274693.64
2018-05-25,122.65,119.0,124.21,117.01,722319.85
2018-05-24,118.61,122.65,124.65,114.94,1106424.59
2018-05-23,128.24,118.61,129.17,116.12,1895299.15
2018-05-22,134.18,128.24,136.08,126.94,661445.38
2018-05-21,140.1,134.18,140.1,133.27,648042.92
2018-05-20,135.11,140.1,141.01,132.5,984508.09
2018-05-19,135.97,135.11,137.73,133.1,551489.57
2018-05-18,132.08,135.97,137.71,128.89,1930395.03
2018-05-17,139.2,132.08,141.32,131.37,1450341.89
2018-05-16,139.19,139.2,140.81,134.34,1497873.13
2018-05-15,147.45,139.19,149.61,137.51,1424813.09
2018-05-14,144.31,147.45,153.12,134.64,4043019.8
2018-05-13,141.47,144.31,146.76,136.42,1159797.3
2018-05-12,135.86,141.47,144.46,131.3,1743952.01
2018-05-11,148.18,135.86,148.41,133.2,3997454.76
2018-05-10,156.45,148.18,160.49,147.67,1562586.39
2018-05-09,158.8,156.45,160.22,150.98,1926293.31
2018-05-08,164.43,158.8,168.46,156.9,3256953.04
2018-05-07,171.56,164.43,171.7,157.55,4793674.19
2018-05-06,177.56,171.56,183.57,165.05,3318911.78
2018-05-05,169.0,177.56,183.01,167.85,4455114.79
2018-05-04,161.39,169.0,171.84,157.97,4166969.7
2018-05-03,151.5,161.39,164.89,150.43,4117082.42
2018-05-02,148.34,151.5,153.94,146.18,1366746.53
2018-05-01,148.38,148.34,148.87,143.22,3364339.21
2018-04-30,153.44,148.38,154.49,146.82,1647669.25
2018-04-29,151.62,153.44,156.19,147.94,1824847.72
2018-04-28,146.02,151.62,153.5,145.0,2788948.17
2018-04-27,153.3,146.02,153.83,145.03,2167961.03
2018-04-26,144.63,153.3,154.48,141.96,1895397.23
2018-04-25,165.27,144.63,165.27,142.66,7076659.93
2018-04-24,152.59,165.27,166.21,152.59,4679650.84
2018-04-23,146.72,152.59,153.86,146.64,1924105.28
2018-04-22,148.97,146.72,153.75,144.99,2084070.97
2018-04-21,155.55,148.97,157.05,141.4,3262644.21
2018-04-20,146.53,155.55,156.6,143.25,4408750.8
2018-04-19,140.21,146.53,147.63,138.82,2056446.97
2018-04-18,132.59,140.21,141.63,131.91,2149007.21
2018-04-17,128.78,132.59,140.12,128.73,3411457.79
2018-04-16,132.84,128.78,133.29,125.15,2015262.81
2018-04-15,126.13,132.84,134.68,126.13,1888261.05
2018-04-14,125.21,126.13,130.0,124.58,1433474.14
2018-04-13,129.9,125.21,133.73,124.0,4338426.47
2018-04-12,117.97,129.9,130.89,113.12,5069007.16
2018-04-11,113.96,117.97,119.76,113.1,1179322.48
2018-04-10,114.85,113.96,115.04,111.55,855728.01
2018-04-09,117.75,114.85,122.78,112.69,2075710.06
2018-04-08,115.97,117.75,118.37,114.95,922843.53
2018-04-07,112.79,115.97,119.85,112.69,1599757.28
2018-04-06,118.39,112.79,120.11,111.63,1884112.07
2018-04-05,118.29,118.39,122.0,113.15,2535330.12
2018-04-04,133.87,118.29,134.64,115.07,4040560.56
2018-04-03,118.89,133.87,159.65,117.99,4219848.39
2018-04-02,115.0,118.89,122.0,114.25,2387800.09
2018-04-01,115.84,115.0,117.59,109.33,1954119.17
2018-03-31,118.07,115.84,124.41,115.17,2002644.79
2018-03-30,114.4,118.07,125.94,109.0,3837519.72
2018-03-29,131.54,114.4,132.35,112.02,6532065.72
2018-03-28,134.62,131.54,139.64,130.11,2586430.4
2018-03-27,148.1,134.62,149.32,134.62,4752438.19
2018-03-26,160.17,148.1,160.7,141.7,4510867.48
2018-03-25,158.29,160.17,162.92,157.13,1171249.15
2018-03-24,168.82,158.29,169.8,158.29,1610205.23
2018-03-23,163.34,168.82,168.82,156.67,2263849.51
2018-03-22,168.67,163.34,172.34,159.49,2892217.83
2018-03-21,168.73,168.67,175.17,165.45,3815180.23
2018-03-20,161.23,168.73,173.37,155.31,3978213.29
2018-03-19,153.24,161.23,163.81,150.62,3750479.06
2018-03-18,152.24,153.24,156.8,137.01,6184326.54
2018-03-17,164.65,152.24,165.35,150.4,3135116.97
2018-03-16,163.48,164.65,171.72,157.82,2663348.26
2018-03-15,160.24,163.48,167.35,150.0,4959723.5
2018-03-14,175.35,160.24,177.72,156.18,4134222.55
2018-03-13,177.68,175.35,182.0,171.0,3248851.74
2018-03-12,188.36,177.68,193.0,173.81,4213649.97
2018-03-11,176.47,188.36,193.81,170.6,6773677.2
2018-03-10,185.99,176.47,195.2,174.31,3837068.21
2018-03-09,175.35,185.99,190.0,159.11,9810107.78
2018-03-08,185.45,175.35,189.0,174.5,6081803.47
2018-03-07,195.54,185.45,199.75,174.3,7160778.41
2018-03-06,210.5,195.54,210.5,191.79,4051425.12
2018-03-05,213.7,210.5,216.4,208.25,2147134.2
2018-03-04,209.81,213.7,215.42,204.62,2768926.79
2018-03-03,212.31,209.81,218.1,208.72,4029395.46
2018-03-02,209.05,212.31,213.77,203.95,2201401.9
2018-03-01,201.84,209.05,215.5,200.3,4583161.92
2018-02-28,215.0,201.84,223.99,201.03,4068447.87
2018-02-27,218.78,215.0,223.75,212.15,4733712.6
2018-02-26,218.27,218.78,262.0,214.5,14337698.79
2018-02-25,206.34,218.27,223.28,200.01,8861330.11
2018-02-24,207.13,206.34,218.52,194.67,7610869.55
2018-02-23,193.24,207.13,215.72,182.0,9066666.1
2018-02-22,210.36,193.24,222.59,188.03,9198462.07
2018-02-21,228.73,210.36,232.56,205.01,11183182.05
2018-02-20,222.68,228.73,252.63,221.09,15648675.37
2018-02-19,214.3,222.68,226.99,214.2,3607511.36
2018-02-18,229.96,214.3,232.0,212.48,6849507.05
2018-02-17,228.88,229.96,234.0,225.0,4850083.72
2018-02-16,222.07,228.88,236.9,210.01,10113060.67
2018-02-15,212.79,222.07,236.86,207.64,17668825.05
2018-02-14,158.82,212.79,220.79,158.82,18996868.55
2018-02-13,161.64,158.82,162.31,152.76,1828110.72
2018-02-12,148.4,161.64,163.67,148.4,3951477.75
2018-02-11,154.51,148.4,155.79,140.75,3249998.82
2018-02-10,164.83,154.51,169.54,147.01,5140008.38
2018-02-09,149.5,164.83,164.83,141.9,4054724.54
2018-02-08,137.5,149.5,151.0,137.3,4777817.35
2018-02-07,141.91,137.5,159.49,129.94,9816272.93
2018-02-06,122.6,141.91,148.0,103.02,14369535.93
2018-02-05,147.07,122.6,154.9,115.5,14707443.15
2018-02-04,160.7,147.07,174.4,135.88,11890052.63
2018-02-03,131.08,160.7,165.4,117.97,6632750.62
2018-02-02,140.84,131.08,147.0,101.0,8117032.45
2018-02-01,162.3,140.84,164.87,127.0,7125792.18
2018-01-31,163.63,162.3,166.0,155.0,3601043.04
2018-01-30,180.26,163.63,180.67,160.0,5064375.82
2018-01-29,192.16,180.26,193.05,177.79,2645738.96
2018-01-28,180.2,192.16,193.65,180.0,3633183.93
2018-01-27,175.39,180.2,184.07,173.68,3252337.82
2018-01-26,179.05,175.39,182.7,165.37,3743056.91
2018-01-25,180.99,179.05,185.0,175.0,3217852.34
2018-01-24,177.32,180.99,186.13,173.0,3662104.25
2018-01-23,180.01,177.32,187.39,165.25,4749379.97
2018-01-22,190.93,180.01,195.85,165.1,5935275.85
2018-01-21,211.75,190.93,211.75,182.81,3965586.09
2018-01-20,194.41,211.75,216.6,194.41,7681705.12
2018-01-19,192.67,194.41,203.92,187.77,5541658.87
2018-01-18,187.5,192.67,210.0,177.06,9317778.14
2018-01-17,190.73,187.5,204.98,137.86,15855831.53
2018-01-16,231.55,190.73,232.75,150.4,15753615.6
2018-01-15,239.0,231.55,247.48,231.01,5305699.3
2018-01-14,261.85,239.0,280.0,232.0,9741617.7
2018-01-13,230.68,230.68,230.68,230.68,0.0
2018-01-12,230.68,230.68,230.68,230.68,0.0
2018-01-11,251.83,230.68,254.0,216.02,2545432.07
2018-01-10,246.85,251.83,254.97,231.75,4223415.56
2018-01-09,254.96,246.85,290.0,239.0,4433632.18
2018-01-08,266.55,254.96,271.45,226.0,5087777.42
2018-01-07,280.53,266.55,286.76,252.4,3766862.82
2018-01-06,240.45,280.53,305.0,240.0,12213921.87
2018-01-05,240.0,240.45,260.0,236.0,5466043.86
2018-01-04,243.0,240.0,246.92,225.0,6469641.15
2018-01-03,254.6,243.0,261.49,240.51,4554847.98
2018-01-02,225.63,254.6,265.0,225.01,5549587.31
2018-01-01,230.3,225.63,237.77,217.87,3363757.17
2017-12-31,212.12,230.3,236.0,207.13,2921539.22
2017-12-30,240.08,212.12,242.78,202.2,6893588.39
2017-12-29,249.45,242.41,283.0,225.0,7098674.89
2017-12-28,264.87,249.45,266.87,220.0,5427711.1
2017-12-27,279.81,264.87,286.76,251.26,4423588.59
2017-12-26,265.89,279.81,285.0,263.06,3735438.14
2017-12-25,264.89,265.89,282.32,258.78,2831915.06
2017-12-24,276.72,264.89,292.75,240.0,5095153.7
2017-12-23,258.63,276.72,310.0,253.19,9274575.88
2017-12-22,297.14,258.63,302.69,195.0,12215745.49
2017-12-21,298.0,297.14,320.0,275.0,8671359.31
2017-12-20,341.64,298.0,344.56,285.0,11952167.22
2017-12-19,353.65,341.64,369.0,310.0,9937043.13
2017-12-18,312.78,353.65,360.94,300.0,9347474.82
2017-12-17,296.17,312.78,325.48,296.17,7747999.84
2017-12-16,299.0,296.17,307.91,285.0,5466312.43
2017-12-15,271.94,299.0,313.91,250.0,11207987.71
2017-12-14,294.61,271.94,307.13,262.5,8782970.39
2017-12-13,290.54,294.61,329.0,260.0,14657498.16
2017-12-12,210.69,290.54,349.0,200.5,27965016.25
2017-12-11,144.39,210.69,219.99,143.16,17276278.26
2017-12-10,148.49,144.39,155.99,125.56,5489186.45
2017-12-09,119.84,148.49,168.0,119.84,9324134.81
2017-12-08,92.98,119.84,125.5,90.5,8177764.59
2017-12-07,97.87,92.98,100.0,90.1,3128565.56
2017-12-06,101.0,97.87,103.45,96.01,2421847.41
2017-12-05,103.1,101.0,104.0,100.33,1812082.61
2017-12-04,100.43,103.1,103.22,98.3,1535187.55
2017-12-03,98.76,100.43,104.0,98.01,2379280.4
2017-12-02,97.43,98.76,102.78,97.0,3120111.63
2017-12-01,87.59,97.43,100.0,82.0,4220712.4
2017-11-30,83.95,87.59,91.99,78.21,3717449.65
2017-11-29,92.87,83.95,102.49,70.02,7662657.73
2017-11-28,89.84,92.87,93.68,88.0,2874713.77
2017-11-27,84.01,89.84,90.3,83.75,2550127.46
2017-11-26,87.16,84.01,88.34,81.0,2528612.42
2017-11-25,75.99,87.16,88.38,75.67,3682681.62
2017-11-24,73.01,75.66,76.0,71.01,2203432.55
2017-11-23,71.88,73.01,75.78,70.21,2900903.13
2017-11-22,70.19,71.88,71.99,69.21,1393697.76
2017-11-21,72.0,70.19,72.5,67.0,2268441.69
2017-11-20,71.08,72.0,73.05,70.53,2615625.53
2017-11-19,69.5,71.08,73.0,68.21,1691385.59
2017-11-18,67.75,69.5,69.59,65.06,1282994.53
2017-11-17,70.0,67.75,70.0,64.01,2265035.88
2017-11-16,63.26,70.0,74.7,62.0,3163673.53
2017-11-15,63.22,63.26,64.8,62.49,1965215.99
2017-11-14,61.03,63.22,65.0,60.94,1754148.15
2017-11-13,58.1,61.03,62.6,57.71,2161561.5
2017-11-12,61.88,58.1,62.23,56.61,2589769.98
2017-11-11,58.8,61.88,63.99,56.0,2894541.83
2017-11-10,64.24,58.8,65.9,55.78,3297154.46
2017-11-09,62.16,64.24,66.95,61.81,3016840.22
2017-11-08,60.6,62.16,63.93,59.73,4153519.9
2017-11-07,54.61,60.6,63.5,54.3,5341354.56
2017-11-06,54.42,54.61,55.53,53.06,1759445.46
2017-11-05,54.89,54.42,55.2,53.06,447736.8
2017-11-04,55.98,54.89,56.21,54.0,790525.33
2017-11-03,54.19,55.98,57.29,53.51,1563557.41
2017-11-02,53.46,54.19,54.88,50.5,2040360.33
2017-11-01,55.47,53.46,55.7,53.01,1252238.02
2017-10-31,56.29,55.47,56.6,55.0,711891.35
2017-10-30,56.75,56.29,58.01,55.7,895788.59
2017-10-29,54.24,56.75,57.5,53.02,2087131.28
2017-10-28,55.17,54.24,55.87,54.0,361381.24
2017-10-27,55.56,55.17,56.17,55.0,491861.81
2017-10-26,56.39,55.56,57.5,55.01,608527.87
2017-10-25,55.99,56.39,57.23,54.1,947129.16
2017-10-24,54.66,55.99,59.9,53.3,1835984.04
2017-10-23,56.69,54.66,57.04,53.0,1380962.54
2017-10-22,58.11,56.69,58.78,56.03,504878.95
2017-10-21,60.04,58.11,60.22,56.5,1119788.58
2017-10-20,59.8,60.04,62.8,58.5,1419886.93
2017-10-19,60.89,59.8,61.5,58.37,1029740.03
2017-10-18,59.37,60.89,62.49,53.0,2395888.59
2017-10-17,64.6,59.37,64.87,58.0,1582092.59
2017-10-16,65.31,64.6,66.0,62.5,1584967.24
2017-10-15,63.8,65.31,69.62,62.11,3499396.35
2017-10-14,58.8,63.8,66.4,58.04,3660343.36
2017-10-13,59.39,58.8,60.83,55.2,3871849.75
2017-10-12,50.75,59.39,61.23,50.54,4529159.28
2017-10-11,50.62,50.75,51.23,49.5,841962.48
2017-10-10,50.08,50.62,51.64,48.2,1242562.47
2017-10-09,53.14,50.08,53.33,48.11,1258161.99
2017-10-08,52.52,53.14,54.48,52.0,1104461.96
2017-10-07,52.08,52.52,52.86,51.38,467342.8
2017-10-06,51.66,52.08,52.97,51.05,602244.27
2017-10-05,51.01,51.66,52.0,50.0,934174.06
2017-10-04,52.14,51.01,53.41,50.5,1014240.81
2017-10-03,53.18,52.14,53.63,51.21,1450391.61
2017-10-02,54.68,53.18,55.22,53.01,943892.89
2017-10-01,55.65,54.68,55.69,53.35,1093376.41
2017-09-30,52.92,55.65,56.12,52.81,1034913.78
2017-09-29,55.12,52.92,55.15,50.16,2515010.32
2017-09-28,57.0,55.12,57.97,53.75,3475561.31
2017-09-27,52.0,57.0,57.48,52.0,2833649.69
2017-09-26,52.37,52.0,54.3,51.3,2027728.28
2017-09-25,47.69,52.37,53.42,47.31,2410163.9
2017-09-24,49.5,47.69,49.65,47.23,775721.36
2017-09-23,47.8,49.5,51.01,46.5,1486901.74
2017-09-22,46.71,47.8,48.99,45.02,1879739.97
2017-09-21,51.25,46.71,52.45,45.5,3704605.07
2017-09-20,53.09,51.25,54.22,50.86,1510665.43
2017-09-19,56.13,53.09,56.8,51.28,4832394.14
2017-09-18,51.21,56.13,58.48,51.15,5654919.86
2017-09-17,52.22,51.21,53.19,48.04,3953536.83
2017-09-16,52.2,52.22,58.67,50.05,5535476.02
2017-09-15,45.49,52.2,56.0,35.11,9598125.95
2017-09-14,61.88,45.49,62.88,45.3,7797776.46
2017-09-13,66.43,61.88,66.44,56.8,6842832.97
2017-09-12,68.46,66.43,72.6,65.1,3082928.95
2017-09-11,67.84,68.46,71.99,65.2,2709343.95
2017-09-10,71.99,67.84,72.0,65.0,3318387.11
2017-09-09,74.1,71.99,75.0,70.11,1831201.11
2017-09-08,81.07,74.1,82.5,68.0,5542576.24
2017-09-07,82.41,81.07,83.3,78.1,4100234.42
2017-09-06,74.6,82.41,83.33,74.6,5146115.43
2017-09-05,70.1,74.6,75.89,65.1,5253395.55
2017-09-04,80.03,70.1,80.03,62.55,8617730.44
2017-09-03,79.48,80.03,84.79,75.25,5384939.46
2017-09-02,87.45,79.48,94.03,75.25,9092253.13
2017-09-01,73.37,87.45,95.0,71.11,11391980.79
2017-08-31,65.8,73.37,74.81,65.0,6651385.58
2017-08-30,62.78,65.8,66.2,60.9,1996058.05
2017-08-29,62.16,62.78,63.89,61.1,3850936.51
2017-08-28,61.0,62.16,64.97,58.5,4106020.49
2017-08-27,51.68,61.0,64.6,51.49,6103600.69
2017-08-26,51.7,51.68,53.0,50.2,989002.84
2017-08-25,50.56,51.7,53.0,49.0,1529913.3
2017-08-24,54.0,50.56,54.99,50.56,3855542.08
2017-08-23,46.51,54.0,59.0,46.31,3916328.96
2017-08-22,48.5,46.51,48.97,45.6,1332522.34
2017-08-21,46.15,48.5,50.0,44.0,1989501.76
2017-08-20,45.34,46.15,47.7,44.2,679648.2
2017-08-19,46.46,45.34,48.0,43.7,727822.08
2017-08-18,43.94,46.46,47.35,42.8,1768548.35
2017-08-17,44.05,43.94,45.1,43.2,779688.53
2017-08-16,43.0,44.05,46.23,42.0,982811.81
2017-08-15,45.99,43.0,45.99,41.62,1177917.12
2017-08-14,45.3,45.99,46.8,45.15,619426.5
2017-08-13,46.12,45.3,47.27,44.44,1401619.16
2017-08-12,47.15,46.12,48.44,46.0,1103256.23
2017-08-11,47.46,47.15,48.1,46.75,961406.58
2017-08-10,48.2,47.46,48.9,47.45,772918.14
2017-08-09,49.1,48.2,52.0,46.62,1603403.63
2017-08-08,45.84,49.1,49.89,45.65,1727741.63
2017-08-07,45.3,45.84,46.8,45.04,1129778.4
2017-08-06,46.22,45.3,46.87,45.1,1007613.05
2017-08-05,43.49,46.22,47.0,43.49,2062044.67
2017-08-04,42.77,43.49,43.87,42.3,824551.36
2017-08-03,41.86,42.77,43.12,41.67,643908.74
2017-08-02,43.0,41.86,43.32,41.12,1725753.52
2017-08-01,42.35,43.0,44.9,41.3,2247388.06
2017-07-31,40.71,42.35,43.54,38.25,2549883.24
2017-07-30,41.2,40.71,42.0,40.02,726509.71
2017-07-29,40.55,41.2,41.5,38.5,946105.96
2017-07-28,41.62,40.55,45.0,40.14,1797487.72
2017-07-27,41.85,41.62,42.38,40.85,1681670.71
2017-07-26,42.09,41.85,42.87,40.18,2892048.9
2017-07-25,44.69,42.09,45.19,39.58,2262459.32
2017-07-24,45.29,44.69,45.9,44.33,2126648.23
2017-07-23,46.7,45.29,47.1,43.74,1374525.06
2017-07-22,45.25,46.7,47.38,44.95,1981183.58
2017-07-21,44.75,45.25,48.0,43.78,3394584.94
2017-07-20,39.91,44.75,46.0,39.91,4445739.49
2017-07-19,43.47,39.91,44.12,38.02,3690197.55
2017-07-18,42.25,43.47,45.0,40.69,4608518.85
2017-07-17,40.53,42.25,43.3,39.19,4108124.85
2017-07-16,38.3,40.53,41.79,35.0,4431196.95
2017-07-15,42.68,38.3,42.68,37.37,4181709.08
2017-07-14,45.46,42.68,45.85,40.0,2051438.54
2017-07-13,46.78,45.46,47.7,43.4,1442520.71
2017-07-12,43.81,46.78,48.75,42.2,2906776.28
2017-07-11,44.25,43.81,48.75,41.15,3657671.6
2017-07-10,48.96,44.25,49.67,42.2,4517603.14
2017-07-09,51.11,48.96,52.0,48.25,1531821.48
2017-07-08,46.19,51.11,51.86,44.34,2554751.17
2017-07-07,51.01,46.19,51.6,44.48,2300807.62
2017-07-06,53.2,51.01,53.26,49.51,2119266.71
2017-07-05,55.0,53.2,56.77,49.14,3812460.85
2017-07-04,45.44,55.0,55.0,45.33,8223619.68
2017-07-03,41.5,45.44,47.7,40.48,3916280.3
2017-07-02,37.93,41.5,42.0,36.45,1153378.21
2017-07-01,39.05,37.93,39.55,36.5,802394.05
2017-06-30,40.06,39.05,41.2,38.76,786817.39
2017-06-29,41.9,40.06,42.35,39.28,976567.46
2017-06-28,39.33,41.9,43.75,37.51,2120089.29
2017-06-27,37.9,39.33,39.8,33.5,1585340.15
2017-06-26,40.34,37.9,41.54,33.0,1967593.6
2017-06-25,42.39,40.34,43.3,37.37,1743639.02
2017-06-24,45.18,42.39,45.68,40.75,1178492.39
2017-06-23,46.07,45.18,46.97,44.72,782179.3
2017-06-22,43.73,46.07,47.87,42.46,1428277.14
2017-06-21,45.1,43.73,46.6,41.05,2606008.1
2017-06-20,47.02,45.1,48.35,39.5,2975846.1
2017-06-19,43.42,47.02,51.0,42.0,5213838.02
2017-06-18,46.01,43.42,46.32,39.88,4427094.33
2017-06-17,33.69,46.01,48.48,33.69,7079311.96
2017-06-16,29.27,33.69,34.42,28.0,2157312.81
2017-06-15,29.05,29.27,30.0,23.44,1839032.83
2017-06-14,30.3,29.05,31.81,27.5,1313202.86
2017-06-13,28.39,30.3,30.35,28.04,634115.16
2017-06-12,33.12,28.39,33.36,25.0,1789188.64
2017-06-11,28.77,33.12,33.82,28.55,1563721.93
2017-06-10,29.66,28.77,30.01,28.5,965322.21
2017-06-09,30.4,29.66,31.2,29.55,702931.06
2017-06-08,28.48,30.4,30.85,28.01,771800.7
2017-06-07,30.19,28.48,30.64,28.0,686030.72
2017-06-06,30.68,30.19,31.03,28.35,1180495.35
2017-06-05,27.84,30.68,31.65,27.75,1129238.69
2017-06-04,27.32,27.84,28.0,26.83,463698.21
2017-06-03,28.0,27.32,28.12,27.11,361798.52
2017-06-02,27.32,28.0,28.73,26.75,632982.13
2017-06-01,25.78,27.32,29.7,25.46,1305213.9
2017-05-31,23.57,25.78,26.3,23.29,769333.85
2017-05-30,25.44,23.57,26.66,23.0,1309602.33
2017-05-29,23.51,25.44,26.5,22.8,492051.72
2017-05-28,22.16,23.51,26.01,21.13,788156.13
2017-05-27,24.93,22.16,26.0,17.5,1262582.85
2017-05-26,27.0,24.93,30.44,24.2,1448308.05
2017-05-25,33.81,27.0,34.33,26.11,2052207.42
2017-05-24,30.76,33.81,34.6,29.91,1790571.25
2017-05-23,23.67,30.76,30.76,23.5,1855112.27
2017-05-22,25.31,23.67,26.18,20.55,1871623.33
2017-05-21,26.98,25.31,28.9,24.87,939309.94
2017-05-20,27.33,26.98,27.85,26.6,438986.08
2017-05-19,28.49,27.33,29.22,26.3,1387660.59
2017-05-18,25.66,28.49,29.89,25.08,1374570.29
2017-05-17,23.6,25.66,27.43,20.75,2747391.8
2017-05-16,25.34,23.6,25.66,20.75,1867132.85
2017-05-15,28.45,25.34,28.75,25.08,919576.51
2017-05-14,28.94,28.45,30.43,27.41,294198.71
2017-05-13,27.07,28.94,28.98,25.1,904446.06
2017-05-12,30.73,27.07,31.55,26.4,1219592.32
2017-05-11,31.79,30.73,35.5,28.2,1592809.53
2017-05-10,33.5,31.79,38.39,30.0,3308646.34
2017-05-09,28.4,33.5,37.0,23.6,2454338.4
2017-05-08,28.9,28.4,30.0,26.0,1378722.65
2017-05-07,27.55,28.9,30.5,25.23,1145071.39
2017-05-06,25.8,27.55,28.25,25.53,526403.26
2017-05-05,23.4,25.8,27.75,23.4,1907461.18
2017-05-04,21.5,23.4,25.64,20.78,2271312.47
2017-05-03,15.88,21.5,22.47,15.85,2389490.07
2017-05-02,15.81,15.88,16.22,15.1,386511.21
2017-05-01,15.66,15.81,16.31,14.66,558427.73
2017-04-30,15.9,15.66,16.23,15.38,273112.19
2017-04-29,14.5,15.9,15.95,14.5,241755.3
2017-04-28,14.85,14.5,14.97,14.22,200063.09
2017-04-27,15.01,14.85,15.25,13.5,649998.9
2017-04-26,15.53,15.01,16.0,14.65,496975.86
2017-04-25,15.0,15.53,15.75,14.3,295354.8
2017-04-24,15.16,15.0,15.21,14.1,480562.72
2017-04-23,14.19,15.16,16.14,14.0,1106952.15
2017-04-22,12.06,14.19,14.43,11.89,935962.91
2017-04-21,11.0,12.06,12.52,10.96,741545.35
2017-04-20,10.1,11.0,11.38,10.1,133394.03
2017-04-19,11.03,10.1,11.09,10.0,197531.86
2017-04-18,11.23,11.03,11.53,10.58,319699.04
2017-04-17,11.68,11.23,12.93,11.03,247776.38
2017-04-16,11.8,11.68,11.89,11.44,55379.35
2017-04-15,11.75,11.8,12.15,11.2,110322.44
2017-04-14,10.98,11.75,11.93,10.98,119707.96
2017-04-13,11.81,10.98,11.81,10.55,243046.22
2017-04-12,9.53,11.81,12.7,9.53,784377.59
2017-04-11,9.93,9.53,10.46,9.5,196762.17
2017-04-10,9.27,9.93,10.19,9.0,164565.66
2017-04-09,10.66,9.27,10.92,8.9,501375.5
2017-04-08,10.0,10.66,11.43,9.91,243980.21
2017-04-07,10.92,10.0,11.6,9.53,462195.85
2017-04-06,12.5,10.92,13.0,9.75,1361949.02
2017-04-05,9.05,12.5,13.77,8.85,940423.53
2017-04-04,8.58,9.05,9.8,8.35,463503.03
2017-04-03,8.39,8.58,9.5,7.58,533338.54
2017-04-02,7.5,8.39,8.63,7.12,302385.69
2017-04-01,7.07,7.5,7.68,6.63,128968.65
2017-03-31,7.49,7.07,7.89,5.91,445348.48
2017-03-30,4.28,7.49,9.0,4.28,552258.3
2017-03-29,4.19,4.28,4.35,4.14,31147.66
2017-03-28,4.06,4.19,4.25,4.05,36456.04
2017-03-27,4.05,4.06,4.2,3.99,10778.39
2017-03-26,4.05,4.05,4.4,3.82,49171.03
2017-03-25,4.07,4.05,4.5,3.94,27551.58
2017-03-24,3.92,4.07,4.49,3.92,59432.92
2017-03-23,3.86,3.92,4.2,3.85,46484.15
2017-03-22,4.07,3.86,4.07,3.62,120473.97
2017-03-21,4.04,4.07,4.1,3.93,7962.19
2017-03-20,3.8,4.04,4.04,3.78,22813.26
2017-03-19,3.9,3.8,4.1,3.76,12700.28
2017-03-18,4.0,3.9,4.16,3.76,31458.92
2017-03-17,4.35,4.0,4.35,3.88,95243.74
2017-03-16,4.36,4.35,4.47,4.11,46872.83
2017-03-15,4.22,4.36,4.37,4.1,11419.7
2017-03-14,4.33,4.22,4.4,4.07,7697.31
2017-03-13,3.85,4.33,4.47,3.75,97003.6
2017-03-12,3.75,3.85,4.0,3.7,26222.99
2017-03-11,3.81,3.75,3.88,3.75,3605.07
2017-03-10,3.9,3.81,4.1,3.68,46552.23
2017-03-09,3.8,3.9,3.92,3.78,22164.91
2017-03-08,3.95,3.8,3.95,3.8,11941.25
2017-03-07,4.05,3.95,4.09,3.93,3000.21
2017-03-06,4.02,4.05,4.07,3.96,2027.37
2017-03-05,3.95,4.02,4.05,3.91,23951.65
2017-03-04,4.01,3.95,4.08,3.95,1438.49
2017-03-03,4.06,4.01,4.12,3.97,6918.62
2017-03-02,3.86,4.06,4.23,3.81,31344.71
2017-03-01,3.77,3.86,3.98,3.76,18398.18
2017-02-28,3.83,3.77,3.87,3.77,5199.46
2017-02-27,3.89,3.83,3.89,3.81,2952.12
2017-02-26,3.86,3.89,3.92,3.84,1540.09
2017-02-25,3.95,3.86,3.95,3.85,1521.58
2017-02-24,3.88,3.95,3.98,3.76,38504.45
2017-02-23,3.91,3.88,3.95,3.87,8550.59
2017-02-22,3.81,3.91,3.91,3.81,1633.15
2017-02-21,3.81,3.81,3.85,3.76,4778.66
2017-02-20,3.77,3.81,3.82,3.75,974.61
2017-02-19,3.8,3.77,3.84,3.7,6608.78
2017-02-18,3.83,3.8,3.92,3.8,1542.75
2017-02-17,3.84,3.83,3.93,3.83,489.07
2017-02-16,3.9,3.84,3.93,3.84,4777.67
2017-02-15,3.84,3.9,3.91,3.8,4156.25
2017-02-14,3.78,3.84,3.84,3.73,6604.38
2017-02-13,3.79,3.78,3.8,3.75,2425.8
2017-02-12,3.96,3.79,3.96,3.79,679.12
2017-02-11,3.81,3.96,3.96,3.76,9551.21
2017-02-10,3.77,3.81,3.85,3.68,5288.47
2017-02-09,3.99,3.77,4.03,3.58,75324.74
2017-02-08,3.96,3.99,4.01,3.85,11832.91
2017-02-07,3.95,3.96,4.01,3.8,17584.7
2017-02-06,4.0,3.95,4.0,3.93,2829.6
2017-02-05,4.02,4.0,4.02,3.93,13062.79
2017-02-04,4.0,4.0,4.08,3.9,16303.83
2017-02-03,4.06,4.0,4.12,3.94,5888.24
2017-02-02,4.03,4.06,4.13,3.97,8929.93
2017-02-01,4.12,4.03,4.12,4.02,15646.75
2017-01-31,4.69,4.12,4.69,4.01,25446.26
2017-01-30,3.89,4.69,4.69,3.86,32035.99
2017-01-29,3.88,3.89,3.89,3.84,1846.5
2017-01-28,3.91,3.9,3.97,3.85,6830.24
2017-01-27,3.9,3.91,3.91,3.8,2441.94
2017-01-26,3.72,3.9,3.9,3.67,11109.22
2017-01-25,3.75,3.72,3.75,3.66,6366.69
2017-01-24,3.83,3.75,3.85,3.75,15165.74
2017-01-23,3.83,3.83,3.9,3.83,4247.26
2017-01-22,3.95,3.83,3.95,3.82,10098.38
2017-01-21,3.89,3.95,3.96,3.87,779.25
2017-01-20,3.89,3.89,4.0,3.86,2615.14
2017-01-19,3.9,3.89,3.95,3.85,2491.4
2017-01-18,3.92,3.9,4.0,3.85,6890.81
2017-01-17,3.88,3.92,4.03,3.88,9167.84
2017-01-16,3.94,3.88,3.95,3.88,1284.53
2017-01-15,3.9,3.89,3.97,3.88,1346.32
2017-01-14,4.04,3.9,4.04,3.87,1321.41
2017-01-13,4.15,3.94,4.64,3.87,13227.49
2017-01-12,3.94,4.15,4.15,3.81,9864.56
2017-01-11,4.68,3.94,4.68,3.8,38967.57
2017-01-10,4.48,4.68,4.68,4.3,13936.7
2017-01-09,4.04,4.48,4.55,3.92,15706.16
2017-01-08,3.98,4.04,4.04,3.91,1815.26
2017-01-07,3.81,3.98,4.01,3.63,9886.21
2017-01-06,4.25,3.81,4.35,3.81,8345.88
2017-01-05,4.52,4.25,4.85,4.0,28674.56
2017-01-04,4.57,4.52,4.75,4.45,20052.73
2017-01-03,4.56,4.57,4.67,4.42,6474.88
2017-01-02,4.53,4.56,4.75,4.39,9364.31
2017-01-01,4.38,4.53,4.57,4.1,10420.0
2016-12-31,4.44,4.38,4.44,4.35,385.58
2016-12-30,4.42,4.44,4.6,4.17,3613.93
2016-12-29,4.57,4.42,4.64,4.42,1693.98
2016-12-28,4.35,4.57,4.68,4.35,17083.3
2016-12-27,4.19,4.35,4.49,4.19,7494.67
2016-12-26,4.22,4.19,4.4,4.17,1174.06
2016-12-25,4.44,4.22,4.44,4.11,4644.67
2016-12-24,4.28,4.44,4.75,4.27,20221.51
2016-12-23,3.65,4.28,4.4,3.65,43369.11
2016-12-22,3.62,3.65,3.75,3.58,3412.68
2016-12-21,3.67,3.62,3.67,3.62,265.99
2016-12-20,3.63,3.67,3.67,3.61,65.83
2016-12-19,3.72,3.63,3.72,3.63,297.65
2016-12-18,3.72,3.72,3.75,3.72,73.47
2016-12-17,3.62,3.72,3.73,3.61,453.79
2016-12-16,3.67,3.62,3.67,3.62,375.16
2016-12-15,3.6,3.67,3.69,3.6,96.95
2016-12-14,3.67,3.6,3.67,3.6,536.03
2016-12-13,3.67,3.67,3.68,3.62,407.95
2016-12-12,3.66,3.67,3.69,3.6,5094.91
2016-12-11,3.7,3.66,3.7,3.6,3474.51
2016-12-10,3.72,3.7,3.72,3.66,773.18
2016-12-09,3.65,3.72,3.72,3.65,31.94
2016-12-08,3.65,3.65,3.75,3.65,802.07
2016-12-07,3.49,3.65,3.67,3.47,2100.21
2016-12-06,3.55,3.49,3.56,3.45,1588.23
2016-12-05,3.91,3.55,3.91,3.39,13523.88
2016-12-04,3.92,3.91,3.92,3.9,1108.03
2016-12-03,3.94,3.92,3.94,3.89,419.01
2016-12-02,3.9,3.94,3.94,3.87,926.1
2016-12-01,3.84,3.9,3.91,3.84,439.41
2016-11-30,3.82,3.84,3.89,3.82,134.16
2016-11-29,3.84,3.82,3.9,3.82,149.74
2016-11-28,3.86,3.84,3.9,3.83,163.01
2016-11-27,3.9,3.86,3.93,3.84,933.6
2016-11-26,3.92,3.9,3.93,3.85,138.76
2016-11-25,3.92,3.92,3.93,3.83,1440.2
2016-11-24,3.93,3.92,3.94,3.83,392.94
2016-11-23,3.94,3.93,3.95,3.86,1392.66
2016-11-22,3.95,3.94,3.95,3.86,210.88
2016-11-21,3.82,3.95,3.95,3.82,97.02
2016-11-20,3.95,3.82,3.95,3.82,2361.05
2016-11-19,3.88,3.95,3.99,3.82,4182.94
2016-11-18,3.86,3.88,3.99,3.86,662.96
2016-11-17,3.91,3.86,4.15,3.86,5659.64
2016-11-16,3.91,3.91,3.99,3.86,2775.27
2016-11-15,3.85,3.91,3.94,3.85,2007.43
2016-11-14,3.86,3.85,3.91,3.85,158.72
2016-11-13,3.74,3.86,3.93,3.65,2705.13
2016-11-12,3.8,3.74,3.85,3.73,5279.79
2016-11-11,3.8,3.8,3.85,3.8,11.59
2016-11-10,3.83,3.8,3.89,3.8,2759.93
2016-11-09,3.83,3.83,3.93,3.82,4499.12
2016-11-08,3.9,3.83,3.9,3.83,269.18
2016-11-07,3.9,3.9,3.92,3.85,1124.07
2016-11-06,3.92,3.9,3.96,3.86,1531.72
2016-11-05,3.82,3.92,3.92,3.82,1163.59
2016-11-04,3.8,3.82,3.96,3.8,2085.03
2016-11-03,4.12,3.8,4.2,3.8,4100.3
2016-11-02,4.07,4.12,4.12,4.03,137.0
2016-11-01,4.03,4.07,4.18,3.39,15689.04
2016-10-31,4.05,4.03,4.05,3.98,868.88
2016-10-30,4.08,4.05,4.08,3.99,267.77
2016-10-29,3.94,4.08,4.09,3.84,8240.55
2016-10-28,3.95,3.94,3.95,3.84,5001.06
2016-10-27,3.93,3.95,4.15,3.93,2824.38
2016-10-26,3.86,3.93,3.99,3.85,712.91
2016-10-25,3.88,3.86,3.93,3.84,2615.86
2016-10-24,3.9,3.88,3.92,3.86,758.31
2016-10-23,3.9,3.9,3.92,3.88,17792.71
2016-10-22,3.81,3.9,3.94,3.81,927.4
2016-10-21,3.77,3.81,3.81,3.77,536.23
2016-10-20,3.81,3.77,3.81,3.75,1446.0
2016-10-19,3.81,3.81,3.83,3.75,1515.76
2016-10-18,3.85,3.81,3.88,3.81,1883.54
2016-10-17,3.92,3.85,3.92,3.85,576.4
2016-10-16,3.85,3.92,3.92,3.85,245.67
2016-10-15,3.92,3.85,3.92,3.85,117.15
2016-10-14,3.91,3.92,3.94,3.88,1247.04
2016-10-13,3.8,3.91,3.93,3.8,102.83
2016-10-12,3.83,3.8,3.87,3.77,796.4
2016-10-11,3.78,3.83,3.86,3.78,2035.41
2016-10-10,3.82,3.78,3.82,3.78,310.44
2016-10-09,3.86,3.82,3.88,3.79,6722.76
2016-10-08,3.86,3.86,3.88,3.84,2728.84
2016-10-07,3.84,3.86,3.86,3.83,1673.05
2016-10-06,3.87,3.84,3.87,3.79,1708.86
2016-10-05,3.83,3.87,3.88,3.77,3364.08
2016-10-04,3.84,3.83,3.86,3.82,11158.33
2016-10-03,3.86,3.84,3.86,3.83,490.94
2016-10-02,3.86,3.86,3.86,3.82,70.13
2016-10-01,3.83,3.86,3.88,3.83,883.7
2016-09-30,3.88,3.83,3.88,3.77,2799.58
2016-09-29,3.85,3.88,3.88,3.83,2457.77
2016-09-28,3.84,3.85,3.88,3.82,3774.9
2016-09-27,3.84,3.84,3.9,3.84,1066.11
2016-09-26,3.73,3.84,3.91,3.73,2625.4
2016-09-25,3.84,3.73,3.84,3.73,214.26
2016-09-24,3.8,3.84,3.85,3.73,17.32
2016-09-23,3.76,3.8,3.82,3.72,840.42
2016-09-22,3.79,3.76,3.82,3.73,609.41
2016-09-21,3.72,3.79,3.82,3.72,4626.84
2016-09-20,3.83,3.72,3.84,3.72,1947.18
2016-09-19,3.87,3.83,3.87,3.81,1412.69
2016-09-18,3.86,3.87,4.03,3.79,1433.3
2016-09-17,3.82,3.86,3.87,3.8,77.28
2016-09-16,3.87,3.82,3.87,3.81,2271.35
2016-09-15,3.86,3.87,3.87,3.81,104.09
2016-09-14,3.89,3.86,3.89,3.82,1695.17
2016-09-13,3.82,3.89,3.89,3.8,308.98
2016-09-12,3.93,3.82,3.93,3.77,911.39
2016-09-11,3.95,3.93,4.05,3.84,529.53
2016-09-10,3.95,3.95,3.95,3.95,0.0
2016-09-09,4.04,3.95,4.04,3.95,481.32
2016-09-08,3.93,4.04,4.04,3.93,1428.05
2016-09-07,3.98,3.93,4.03,3.93,805.42
2016-09-06,3.93,3.98,3.99,3.92,2684.06
2016-09-05,3.98,3.93,4.03,3.93,58.53
2016-09-04,3.9,3.98,4.04,3.87,1887.68
2016-09-03,3.86,3.9,3.9,3.77,1495.4
2016-09-02,3.86,3.86,3.86,3.77,627.8
2016-09-01,3.65,3.86,3.98,3.65,1789.88
2016-08-31,3.79,3.65,3.79,3.61,1821.92
2016-08-30,3.82,3.79,3.82,3.74,15315.17
2016-08-29,3.72,3.82,3.84,3.39,16834.12
2016-08-28,3.72,3.72,3.78,3.72,334.72
2016-08-27,3.8,3.72,3.81,3.72,257.03
2016-08-26,3.77,3.8,3.86,3.77,156.36
2016-08-25,3.97,3.77,3.98,3.72,1821.42
2016-08-24,4.01,3.97,4.01,3.86,544.04
2016-08-23,3.68,4.01,4.04,3.65,4770.62
2016-08-22,3.62,3.68,3.69,3.61,5523.86
2016-08-21,3.63,3.62,3.68,3.61,1105.65
2016-08-20,3.63,3.63,3.65,3.6,164.36
2016-08-19,3.58,3.63,3.67,3.58,66.18
2016-08-18,3.63,3.58,3.66,3.58,1679.72
2016-08-17,3.64,3.63,3.65,3.61,23.85
2016-08-16,3.59,3.64,3.68,3.55,1475.93
2016-08-15,3.62,3.59,3.63,3.55,2777.06
2016-08-14,3.67,3.62,3.68,3.6,292.63
2016-08-13,3.67,3.67,3.76,3.67,8076.76
2016-08-12,3.78,3.67,3.93,3.67,4837.26
2016-08-11,3.79,3.78,3.79,3.58,4238.87
2016-08-10,3.69,3.79,3.83,3.69,1330.43
2016-08-09,3.6,3.69,3.81,3.6,602.25
2016-08-08,3.74,3.6,3.79,3.39,1088.58
2016-08-07,3.8,3.74,3.84,3.74,333.82
2016-08-06,3.62,3.8,3.8,3.62,552.29
2016-08-05,3.77,3.62,3.84,3.62,186.4
2016-08-04,3.73,3.77,3.8,3.69,1995.65
2016-08-03,3.57,3.73,3.74,3.43,9034.79
2016-08-02,3.84,3.57,3.86,3.36,24778.93
2016-08-01,3.94,3.84,3.98,3.84,5333.67
2016-07-31,4.05,3.94,4.05,3.9,3638.28
2016-07-30,4.11,4.05,4.11,4.04,65.52
2016-07-29,3.96,4.11,4.11,3.95,1228.92
2016-07-28,3.94,3.96,4.03,3.92,1348.12
2016-07-27,3.98,3.94,4.04,3.9,7343.41
2016-07-26,4.05,3.98,4.2,3.9,11920.79
2016-07-25,4.08,4.05,4.09,3.96,763.6
2016-07-24,3.96,4.08,4.11,3.96,651.41
2016-07-23,4.08,3.95,4.08,3.95,349.99
2016-07-22,4.11,4.1,4.13,3.95,12791.03
2016-07-21,4.14,4.11,4.15,4.07,196.58
2016-07-20,4.18,4.14,4.19,4.08,3488.87
2016-07-19,4.18,4.18,4.18,4.1,1695.37
2016-07-18,4.13,4.18,4.24,4.13,1284.27
2016-07-17,4.1,4.13,4.25,4.05,8738.44
2016-07-16,4.18,4.1,4.18,4.1,302.82
2016-07-15,4.1,4.18,4.19,4.1,3985.5
2016-07-14,4.18,4.1,4.2,4.1,733.31
2016-07-13,4.2,4.18,4.2,4.1,29.34
2016-07-12,4.2,4.2,4.2,4.1,642.4
2016-07-11,4.13,4.2,4.21,4.05,1086.75
2016-07-10,4.15,4.13,4.15,4.04,3190.61
2016-07-09,4.25,4.15,4.25,4.01,2868.14
2016-07-08,4.0,4.25,4.25,4.0,1983.13
2016-07-07,4.39,4.0,4.51,3.95,8476.21
2016-07-06,4.55,4.39,4.55,4.35,3615.73
2016-07-05,4.46,4.55,4.55,4.28,6008.24
2016-07-04,4.28,4.46,4.47,4.22,2275.92
2016-07-03,4.71,4.28,4.71,4.05,10796.76
2016-07-02,4.36,4.71,4.89,4.19,7179.79
2016-07-01,4.16,4.36,4.38,4.16,10863.91
2016-06-30,4.06,4.16,4.29,4.06,5733.98
2016-06-29,4.08,4.06,4.12,3.95,899.56
2016-06-28,4.09,4.08,4.25,4.08,4870.66
2016-06-27,4.03,4.09,4.29,3.98,5528.46
2016-06-26,4.28,4.03,4.37,3.94,9011.04
2016-06-25,4.34,4.28,4.53,3.92,3940.64
2016-06-24,4.08,4.34,4.75,4.05,31056.44
2016-06-23,4.0,4.08,4.5,3.59,13190.7
2016-06-22,4.87,4.0,5.0,3.9,26936.21
2016-06-21,5.34,4.87,5.34,4.59,17838.99
2016-06-20,5.55,5.34,5.62,4.51,13491.09
2016-06-19,5.58,5.55,5.69,5.3,12086.75
2016-06-18,5.57,5.58,5.95,5.44,15225.08
2016-06-17,5.6,5.57,6.25,5.2,36996.43
2016-06-16,5.19,5.6,5.6,5.19,18771.77
2016-06-15,5.17,5.19,5.28,5.03,9826.49
2016-06-14,5.28,5.17,5.39,4.5,15043.67
2016-06-13,5.28,5.28,5.49,4.7,23900.19
2016-06-12,4.99,5.28,5.49,4.95,12089.77
2016-06-11,4.86,4.99,4.99,4.86,3447.91
2016-06-10,4.76,4.86,4.87,4.74,8873.85
2016-06-09,4.8,4.76,4.81,4.68,3996.59
2016-06-08,4.75,4.8,4.81,4.71,3424.85
2016-06-07,4.95,4.75,5.0,4.69,10927.93
2016-06-06,4.89,4.95,5.0,4.88,4807.14
2016-06-05,4.83,4.89,4.89,4.78,5512.55
2016-06-04,4.89,4.83,5.0,4.71,5937.14
2016-06-03,4.69,4.89,4.89,4.69,5245.98
2016-06-02,4.65,4.69,4.78,4.56,4589.37
2016-06-01,4.56,4.65,4.77,4.51,4820.34
2016-05-31,4.54,4.56,4.65,4.1,3989.91
2016-05-30,4.46,4.54,4.61,4.03,5825.84
2016-05-29,4.69,4.46,4.69,4.3,12571.38
2016-05-28,4.5,4.69,4.71,4.32,32519.33
2016-05-27,4.0,4.5,5.13,4.0,23764.19
2016-05-26,3.93,4.0,4.1,3.93,2086.89
2016-05-25,3.95,3.93,4.0,3.89,3051.97
2016-05-24,3.95,3.95,3.98,3.89,4985.94
2016-05-23,3.86,3.95,3.96,3.86,3582.42
2016-05-22,3.84,3.86,3.96,3.84,3142.08
2016-05-21,3.82,3.84,3.94,3.76,159.46
2016-05-20,3.82,3.82,3.88,3.65,2550.18
2016-05-19,3.94,3.82,4.02,3.55,4228.31
2016-05-18,4.0,3.94,4.04,3.92,3227.02
2016-05-17,4.01,4.0,4.05,3.66,15280.2
2016-05-16,4.1,4.01,4.22,4.0,6301.59
2016-05-15,4.02,4.1,4.83,3.94,13719.87
2016-05-14,3.93,4.02,4.11,3.93,5231.95
2016-05-13,3.84,3.93,4.0,3.82,2982.56
2016-05-12,3.86,3.84,3.95,3.64,10689.91
2016-05-11,3.79,3.86,3.95,3.79,1396.92
2016-05-10,4.04,3.79,4.16,3.79,6829.34
2016-05-09,3.93,4.04,4.15,3.87,9865.87
2016-05-08,3.93,3.93,3.98,3.9,915.75
2016-05-07,3.81,3.93,4.03,3.49,13604.67
2016-05-06,3.75,3.81,3.87,3.7,1439.07
2016-05-05,3.73,3.75,3.79,3.69,1274.52
2016-05-04,3.76,3.73,3.82,3.73,1496.22
2016-05-03,3.69,3.76,3.78,3.65,1895.47
2016-05-02,3.67,3.69,3.81,3.49,8607.15
2016-05-01,3.69,3.67,3.74,3.64,758.01
2016-04-30,3.84,3.69,3.94,3.67,5655.35
2016-04-29,3.8,3.84,3.97,3.76,1245.83
2016-04-28,3.95,3.8,3.95,3.72,7185.14
2016-04-27,4.03,3.95,4.33,3.88,19918.22
2016-04-26,3.86,4.03,4.22,3.48,7099.59
2016-04-25,3.65,3.86,4.38,3.57,8052.31
2016-04-24,3.26,3.65,3.65,3.01,5680.06
2016-04-23,3.34,3.26,3.34,3.03,4536.27
2016-04-22,3.33,3.34,3.35,3.1,3703.41
2016-04-21,3.27,3.33,3.33,3.18,1586.89
2016-04-20,3.25,3.27,3.29,3.23,1937.53
2016-04-19,3.24,3.25,3.27,3.22,1048.79
2016-04-18,3.24,3.24,3.27,3.22,563.07
2016-04-17,3.28,3.24,3.28,3.23,231.0
2016-04-16,3.3,3.28,3.3,3.24,361.18
2016-04-15,3.25,3.3,3.3,3.2,3709.97
2016-04-14,3.22,3.25,3.26,3.2,455.51
2016-04-13,3.27,3.22,3.27,3.21,3223.83
2016-04-12,3.22,3.27,3.32,3.22,1031.34
2016-04-11,3.19,3.22,3.25,3.19,696.28
2016-04-10,3.22,3.19,3.25,3.15,1922.55
2016-04-09,3.24,3.22,3.28,3.21,697.78
2016-04-08,3.24,3.24,3.3,3.22,133.27
2016-04-07,3.25,3.24,3.25,3.18,686.86
2016-04-06,3.24,3.23,3.3,3.2,303.28
2016-04-05,3.24,3.24,3.3,3.2,556.2
2016-04-04,3.24,3.24,3.28,3.21,1745.64
2016-04-03,3.25,3.24,3.28,3.24,536.12
2016-04-02,3.27,3.26,3.28,3.24,354.35
2016-04-01,3.3,3.27,3.3,3.23,182.71
2016-03-31,3.16,3.3,3.3,3.16,924.25
2016-03-30,3.23,3.16,3.23,3.16,293.94
2016-03-29,3.23,3.23,3.26,2.88,2597.34
2016-03-28,3.3,3.23,3.33,3.23,840.98
2016-03-27,3.24,3.3,3.33,3.23,24963.33
2016-03-26,3.16,3.24,3.25,3.16,613.22
2016-03-25,2.38,3.16,3.24,2.38,1184.96
2016-03-24,3.19,2.38,3.25,2.38,4892.89
2016-03-23,3.24,3.19,3.26,3.17,318.46
2016-03-22,3.16,3.24,3.26,3.16,482.24
2016-03-21,3.16,3.16,3.22,3.13,994.56
2016-03-20,3.16,3.16,3.26,3.14,716.11
2016-03-19,3.14,3.16,3.21,3.14,104.57
2016-03-18,3.29,3.14,3.31,3.11,1552.92
2016-03-17,3.29,3.29,3.33,3.24,1239.5
2016-03-16,3.29,3.29,3.29,3.22,4694.35
2016-03-15,3.29,3.29,3.3,3.0,3871.37
2016-03-14,3.28,3.29,3.3,2.91,2256.29
2016-03-13,3.32,3.28,3.32,3.03,1563.29
2016-03-12,3.3,3.32,3.36,2.91,4241.82
2016-03-11,3.22,3.3,3.42,3.22,4239.71
2016-03-10,3.25,3.22,3.35,3.21,1720.58
2016-03-09,3.25,3.25,3.35,3.2,2726.29
2016-03-08,3.17,3.25,3.3,3.17,1217.31
2016-03-07,3.25,3.17,3.25,3.12,1166.15
2016-03-06,3.11,3.25,3.25,2.86,8538.86
2016-03-05,3.24,3.11,3.24,2.63,8983.4
2016-03-04,3.21,3.24,3.33,2.97,13414.61
2016-03-03,3.25,3.21,3.33,3.03,7317.93
2016-03-02,3.37,3.25,3.41,3.07,8708.51
2016-03-01,3.38,3.37,3.42,3.32,7541.31
2016-02-29,3.39,3.38,3.48,3.38,235.52
2016-02-28,3.37,3.39,3.45,3.31,516.65
2016-02-27,3.34,3.37,3.43,3.34,717.0
2016-02-26,3.37,3.34,3.37,3.28,2394.88
2016-02-25,3.3,3.37,3.39,3.3,1692.51
2016-02-24,3.41,3.3,3.41,3.24,1341.78
2016-02-23,3.39,3.41,3.44,3.3,2299.66
2016-02-22,3.42,3.39,3.47,3.3,3965.98
2016-02-21,3.42,3.42,3.55,3.1,11326.96
2016-02-20,3.2,3.42,3.49,3.2,5434.16
2016-02-19,3.26,3.2,3.26,3.19,3371.55
2016-02-18,3.27,3.26,3.27,3.15,910.69
2016-02-17,3.14,3.27,3.27,2.89,1958.53
2016-02-16,3.04,3.14,3.22,3.04,1669.65
2016-02-15,3.18,3.04,3.18,2.9,794.13
2016-02-14,3.04,3.18,3.18,3.04,1998.73
2016-02-13,3.03,3.04,3.15,3.03,2141.82
2016-02-12,2.93,3.03,3.1,2.93,1298.51
2016-02-11,3.06,2.93,3.1,2.9,49318.15
2016-02-10,3.05,3.06,3.1,2.96,4029.73
2016-02-09,3.02,3.05,3.08,2.99,3009.18
2016-02-08,3.03,3.02,3.08,2.93,2543.84
2016-02-07,3.12,3.03,3.12,3.03,873.0
2016-02-06,3.11,3.12,3.13,3.05,849.68
2016-02-05,3.1,3.11,3.23,3.1,140.91
2016-02-04,3.02,3.1,3.21,3.02,898.79
2016-02-03,3.0,3.02,3.06,3.0,131.56
2016-02-02,3.04,3.0,3.06,3.0,233.57
2016-02-01,3.09,3.04,3.1,3.0,1348.97
2016-01-31,3.07,3.09,3.1,3.0,1547.35
2016-01-30,3.12,3.07,3.13,3.03,511.81
2016-01-29,3.12,3.12,3.15,3.01,688.39
2016-01-28,3.36,3.12,3.36,3.03,1053.58
2016-01-27,3.13,3.36,3.36,3.13,1240.07
2016-01-26,3.06,3.13,3.13,3.06,593.91
2016-01-25,3.14,3.06,3.16,3.05,1329.99
2016-01-24,3.11,3.14,3.21,3.04,8299.36
2016-01-23,3.03,3.11,3.15,3.0,1661.0
2016-01-22,3.22,3.03,3.22,3.03,141.67
2016-01-21,3.42,3.22,3.44,3.21,31.24
2016-01-20,2.98,3.42,3.42,2.98,2656.14
2016-01-19,3.07,2.98,3.1,2.98,240.52
2016-01-18,3.1,3.07,3.1,2.97,25975.56
2016-01-17,3.03,3.1,3.13,3.0,605.48
2016-01-16,3.15,3.03,3.17,2.95,3771.3
2016-01-15,3.48,3.15,3.5,3.13,4715.28
2016-01-14,3.48,3.48,3.48,3.48,41.08
2016-01-13,3.61,3.49,3.61,3.41,200.51
2016-01-12,3.63,3.61,3.63,3.46,899.38
2016-01-11,3.53,3.63,3.63,3.53,161.96
2016-01-10,3.63,3.53,3.63,3.5,114.05
2016-01-09,3.54,3.63,3.65,3.53,87.02
2016-01-08,3.58,3.54,3.6,3.51,411.29
2016-01-07,3.44,3.58,3.58,3.44,163.36
2016-01-06,3.48,3.44,3.5,3.42,53.67
2016-01-05,3.43,3.48,3.48,3.43,99.93
2016-01-04,3.5,3.44,3.52,3.44,618.3
2016-01-03,3.5,3.5,3.5,3.45,38.59
2016-01-02,3.49,3.5,3.5,3.47,8.17
2016-01-01,3.48,3.49,3.49,3.48,27.87
2015-12-31,3.43,3.48,3.49,3.42,96.84
2015-12-30,3.5,3.43,3.52,3.43,115.76
2015-12-29,3.47,3.5,3.57,3.47,285.15
2015-12-28,3.51,3.47,3.51,3.47,4.53
2015-12-27,3.42,3.41,3.42,3.41,11.72
2015-12-26,3.66,3.42,3.68,3.42,402.61
2015-12-25,3.59,3.66,3.68,3.56,12.91
2015-12-24,3.58,3.59,3.68,3.58,15.16
2015-12-23,3.55,3.58,3.58,3.55,82.31
2015-12-22,3.46,3.45,3.55,3.42,417.58
2015-12-21,3.6,3.46,3.6,3.45,513.11
2015-12-20,3.74,3.6,3.74,3.5,1098.56
2015-12-19,3.74,3.74,3.74,3.74,0.0
2015-12-18,3.6,3.74,3.77,3.6,86.51
2015-12-17,3.63,3.6,3.76,3.6,673.4
2015-12-16,3.77,3.63,3.77,3.63,3078.18
2015-12-15,3.52,3.77,3.77,3.42,1041.55
2015-12-14,3.66,3.52,3.66,3.5,1223.3
2015-12-13,3.66,3.62,3.66,3.52,166.43
2015-12-12,3.77,3.66,3.8,3.5,1572.03
2015-12-11,3.66,3.77,3.8,3.66,6755.68
2015-12-10,3.55,3.66,3.66,3.55,399.26
2015-12-09,3.59,3.55,3.73,3.55,3671.87
2015-12-08,3.6,3.59,3.66,3.5,1508.75
2015-12-07,3.42,3.6,3.6,3.42,450.02
2015-12-06,3.39,3.42,3.42,3.39,0.2819
2015-12-05,3.5,3.39,3.5,3.37,1048.63
2015-12-04,3.37,3.5,3.5,3.35,1226.78
2015-12-03,3.29,3.37,3.39,3.29,921.19
2015-12-02,3.43,3.29,3.43,3.29,464.14
2015-12-01,3.64,3.43,3.64,3.43,183.59
2015-11-30,3.71,3.64,3.75,3.57,8003.68
2015-11-29,3.49,3.71,3.71,3.45,2977.19
2015-11-28,3.42,3.49,3.49,3.42,716.8
2015-11-27,3.5,3.5,3.64,3.5,14.02
2015-11-26,3.19,3.48,3.71,3.19,781.02
2015-11-25,3.16,3.19,3.19,2.97,160.86
2015-11-24,3.13,3.16,3.16,3.08,6.99
2015-11-23,3.1,3.13,3.13,3.08,3.74
2015-11-22,3.13,3.1,3.13,3.1,6.63
2015-11-21,3.03,3.1,3.13,3.03,4.68
2015-11-20,3.08,3.03,3.13,3.03,2929.04
2015-11-19,3.03,3.08,3.08,3.03,258.47
2015-11-18,3.16,3.03,3.26,3.03,2705.05
2015-11-17,3.05,3.16,3.16,3.05,27.39
2015-11-16,3.22,3.05,3.22,3.02,485.37
2015-11-15,3.27,3.22,3.27,3.03,150.18
2015-11-14,3.26,3.27,3.28,3.18,23.18
2015-11-13,3.14,3.26,3.29,3.1,767.58
2015-11-12,2.86,3.14,3.14,2.86,121.61
2015-11-11,3.01,2.86,3.04,2.86,874.93
2015-11-10,3.25,3.01,3.3,2.95,3400.42
2015-11-09,3.5,3.25,3.5,3.25,122.75
2015-11-08,3.55,3.5,3.55,3.3,910.36
2015-11-07,3.44,3.55,3.68,3.44,6.41
2015-11-06,3.95,3.57,3.95,3.37,5951.66
2015-11-05,4.0,3.95,4.0,3.55,1922.12
2015-11-04,4.2,4.0,5.01,4.0,6873.44
2015-11-03,4.0,4.2,4.75,3.67,5171.51
2015-11-02,3.67,4.0,4.0,3.67,748.06
2015-11-01,3.69,3.67,3.69,3.61,11.4
2015-10-31,3.95,3.69,3.99,3.69,2586.55
2015-10-30,3.8,3.95,4.2,3.01,2666.55
2015-10-29,2.99,3.8,3.8,2.99,2336.83
2015-10-28,3.05,2.99,3.1,2.99,260.3
2015-10-27,3.13,3.05,3.15,3.05,8.54
2015-10-26,3.14,3.13,3.14,3.01,15.17
2015-10-25,2.96,3.14,3.15,2.96,335.83
2015-10-24,3.15,3.15,3.15,3.15,0.0
2015-10-23,3.0,3.15,3.15,3.0,31.61
2015-10-22,3.03,3.02,3.14,3.02,61.99
2015-10-21,3.12,3.1,3.12,3.03,63.33
2015-10-20,3.01,3.12,3.12,3.01,52.71
2015-10-19,2.93,2.96,3.03,2.92,239.51
2015-10-18,3.01,2.93,3.02,2.93,589.71
2015-10-17,3.07,3.01,3.17,3.01,240.03
2015-10-16,3.41,3.07,3.41,3.06,57.6
2015-10-15,3.16,3.08,3.16,3.07,114.48
2015-10-14,3.21,3.07,3.21,3.07,76.73
2015-10-13,3.11,3.07,3.11,3.07,76.78
2015-10-12,3.11,3.11,3.11,3.11,36.51
2015-10-11,3.1,3.2,3.2,3.1,1245.64
2015-10-10,3.1,3.04,3.1,3.04,19.94
2015-10-09,3.01,3.13,3.13,3.01,7.27
2015-10-08,3.12,3.09,3.12,3.0,21.31
2015-10-07,3.12,3.12,3.12,3.12,3.09
2015-10-06,3.01,3.14,3.14,3.01,6.47
2015-10-05,3.05,3.02,3.05,2.98,14.02
2015-10-04,3.05,3.05,3.05,3.05,2.53
2015-10-03,2.98,3.05,3.05,2.98,4.33
2015-10-02,3.02,2.98,3.02,2.98,138.7
2015-10-01,3.06,3.02,3.06,2.95,7.57
2015-09-30,3.0,3.06,3.06,2.77,11.53
2015-09-29,3.02,3.0,3.03,3.0,93.98
2015-09-28,2.89,3.02,3.02,2.89,230.03
2015-09-27,2.96,2.89,2.96,2.81,6.17
2015-09-26,2.96,2.96,2.96,2.96,0.0
2015-09-25,2.92,2.96,2.96,2.92,1.2
2015-09-24,2.9,2.92,2.92,2.9,2.62
2015-09-23,2.89,2.9,2.92,2.89,226.64
2015-09-22,2.86,2.89,2.9,2.86,23.58
2015-09-21,2.9,2.86,2.9,2.86,0.8721
2015-09-20,2.95,2.9,2.95,2.9,44.38
2015-09-19,3.0,2.95,3.0,2.95,2.66
2015-09-18,2.98,3.0,3.0,2.56,2172.8
2015-09-17,2.73,2.98,2.98,2.73,8.75
2015-09-16,2.8,2.73,2.8,2.73,499.71
2015-09-15,2.87,2.8,2.87,2.8,688.2
2015-09-14,2.82,2.87,2.87,2.82,2.02
2015-09-13,2.99,2.82,2.99,2.8,1606.62
2015-09-12,2.99,2.99,2.99,2.95,1.37
2015-09-11,3.0,2.99,3.0,2.92,12.52
2015-09-10,2.99,3.0,3.0,2.99,14.8
2015-09-09,3.16,2.99,3.16,2.99,119.99
2015-09-08,3.16,3.16,3.16,3.16,0.0
2015-09-07,3.16,3.16,3.16,3.16,0.0
2015-09-06,2.93,3.16,3.16,2.93,36.38
2015-09-05,2.65,2.93,2.93,2.65,554.16
2015-09-04,2.67,2.65,2.67,2.65,428.58
2015-09-03,2.75,2.67,2.78,2.67,1332.79
2015-09-02,2.82,2.75,2.82,2.75,5.6
